url,title,category,relevance_score,source_type,status,local_file,content_sha256,fetched_at
https://www.bracu.ac.bd/,BRAC University,general,1,webpage,200,output/pages/www_bracu_ac_bd__home.md,e05718dfd85beb7cb2612d675c47f93b210d221a80dafe10d4b4f24b0b6cab2a,2026-09-17T08:56:02.896888+00:00
https://cse.bracu.ac.bd/,BRACU CSE | Home - BRACU CSE,programs,3,webpage,200,output/pages/cse_bracu_ac_bd__home.md,83f42255afcf77364d25054812821ca7f2a2cf7bfd4e193fce927447480d7b65,2026-09-17T08:56:11.039955+00:00
https://www.bracu.ac.bd/admissions/apply-now,Just a moment...,admissions,1,webpage,403,output/pages/www_bracu_ac_bd__admissions_apply-now.md,1f78e202eee9fa7236ae754c3bf736eb085cd0a796d782e4a1945a629cf80ca2,2026-09-17T08:56:13.746521+00:00
https://www.bracu.ac.bd/advancing-sdgs,Just a moment...,general,0,webpage,403,,,2026-09-17T08:56:16.411915+00:00
https://www.bracu.ac.bd/academic-dates,Just a moment...,academics,1,webpage,403,,1f78e202eee9fa7236ae754c3bf736eb085cd0a796d782e4a1945a629cf80ca2,2026-09-17T08:56:19.109818+00:00
https://www.bracu.ac.bd/students-transport-service,Just a moment...,student_services,1,webpage,403,,1f78e202eee9fa7236ae754c3bf736eb085cd0a796d782e4a1945a629cf80ca2,2026-09-17T08:56:21.748015+00:00
https://www.bracu.ac.bd/career,Just a moment...,student_services,1,webpage,403,,1f78e202eee9fa7236ae754c3bf736eb085cd0a796d782e4a1945a629cf80ca2,2026-09-17T08:56:24.426823+00:00
https://www.bracu.ac.bd/faculty-and-staff,Just a moment...,general,0,webpage,403,,,2026-09-17T08:56:27.071732+00:00
https://www.bracu.ac.bd/students,Just a moment...,student_services,1,webpage,403,,1f78e202eee9fa7236ae754c3bf736eb085cd0a796d782e4a1945a629cf80ca2,2026-09-17T08:56:29.765318+00:00
https://www.bracu.ac.bd/alumni,Just a moment...,general,0,webpage,403,,,2026-09-17T08:56:32.418923+00:00
https://www.bracu.ac.bd/contact,Just a moment...,general,1,webpage,403,,1f78e202eee9fa7236ae754c3bf736eb085cd0a796d782e4a1945a629cf80ca2,2026-09-17T08:56:35.108127+00:00
https://www.bracu.ac.bd/about,Just a moment...,general,1,webpage,403,,1f78e202eee9fa7236ae754c3bf736eb085cd0a796d782e4a1945a629cf80ca2,2026-09-17T08:56:37.797322+00:00
https://www.bracu.ac.bd/about/about-brac-university,Just a moment...,general,1,webpage,403,,1f78e202eee9fa7236ae754c3bf736eb085cd0a796d782e4a1945a629cf80ca2,2026-09-17T08:56:40.450323+00:00
https://www.bracu.ac.bd/about/mission-and-vision,Just a moment...,general,1,webpage,403,,1f78e202eee9fa7236ae754c3bf736eb085cd0a796d782e4a1945a629cf80ca2,2026-09-17T08:56:43.122484+00:00
https://www.bracu.ac.bd/about/founder,Just a moment...,general,1,webpage,403,,1f78e202eee9fa7236ae754c3bf736eb085cd0a796d782e4a1945a629cf80ca2,2026-09-17T08:56:45.815165+00:00
https://www.bracu.ac.bd/about/leadership-and-management,Just a moment...,general,1,webpage,403,,1f78e202eee9fa7236ae754c3bf736eb085cd0a796d782e4a1945a629cf80ca2,2026-09-17T08:56:48.487079+00:00
https://www.bracu.ac.bd/about/affiliations,Just a moment...,general,1,webpage,403,,1f78e202eee9fa7236ae754c3bf736eb085cd0a796d782e4a1945a629cf80ca2,2026-09-17T08:56:51.154020+00:00
https://www.bracu.ac.bd/academics,Just a moment...,academics,1,webpage,403,,1f78e202eee9fa7236ae754c3bf736eb085cd0a796d782e4a1945a629cf80ca2,2026-09-17T08:56:53.824733+00:00
https://www.bracu.ac.bd/academics/schools-and-departments,Just a moment...,academics,1,webpage,403,,1f78e202eee9fa7236ae754c3bf736eb085cd0a796d782e4a1945a629cf80ca2,2026-09-17T08:56:56.513802+00:00
https://www.bracu.ac.bd/academics/institutes,Just a moment...,academics,1,webpage,403,,1f78e202eee9fa7236ae754c3bf736eb085cd0a796d782e4a1945a629cf80ca2,2026-09-17T08:56:59.166002+00:00
https://www.bracu.ac.bd/academics/centres,Just a moment...,academics,1,webpage,403,,1f78e202eee9fa7236ae754c3bf736eb085cd0a796d782e4a1945a629cf80ca2,2026-09-17T08:57:01.868960+00:00
https://www.bracu.ac.bd/academics/office-registrar/fees-and-payment,Just a moment...,admissions,1,webpage,403,,1f78e202eee9fa7236ae754c3bf736eb085cd0a796d782e4a1945a629cf80ca2,2026-09-17T08:57:04.560099+00:00
https://www.bracu.ac.bd/academics/offices,Just a moment...,academics,1,webpage,403,,1f78e202eee9fa7236ae754c3bf736eb085cd0a796d782e4a1945a629cf80ca2,2026-09-17T08:57:07.261907+00:00
https://www.bracu.ac.bd/academics/programs-detail,Just a moment...,programs,1,webpage,403,,1f78e202eee9fa7236ae754c3bf736eb085cd0a796d782e4a1945a629cf80ca2,2026-09-17T08:57:09.964930+00:00
https://www.bracu.ac.bd/academics/policies-and-procedures,Just a moment...,academics,2,webpage,403,,1f78e202eee9fa7236ae754c3bf736eb085cd0a796d782e4a1945a629cf80ca2,2026-09-17T08:57:12.700437+00:00
https://www.bracu.ac.bd/academics/institutional-quality-assurance-cell-iqac,Just a moment...,academics,1,webpage,403,,1f78e202eee9fa7236ae754c3bf736eb085cd0a796d782e4a1945a629cf80ca2,2026-09-17T08:57:15.365285+00:00
https://www.bracu.ac.bd/admissions,Just a moment...,admissions,1,webpage,403,,1f78e202eee9fa7236ae754c3bf736eb085cd0a796d782e4a1945a629cf80ca2,2026-09-17T08:57:18.049853+00:00
https://www.bracu.ac.bd/admissions/undergraduate,Just a moment...,admissions,1,webpage,403,,1f78e202eee9fa7236ae754c3bf736eb085cd0a796d782e4a1945a629cf80ca2,2026-09-17T08:57:20.754469+00:00
https://www.bracu.ac.bd/admissions/postgraduate,Just a moment...,admissions,1,webpage,403,,1f78e202eee9fa7236ae754c3bf736eb085cd0a796d782e4a1945a629cf80ca2,2026-09-17T08:57:23.512205+00:00
https://www.bracu.ac.bd/admissions/joint-phd-admission,Just a moment...,admissions,1,webpage,403,,1f78e202eee9fa7236ae754c3bf736eb085cd0a796d782e4a1945a629cf80ca2,2026-09-17T08:57:26.223471+00:00
https://www.bracu.ac.bd/admissions/international-applicants,Just a moment...,admissions,1,webpage,403,,1f78e202eee9fa7236ae754c3bf736eb085cd0a796d782e4a1945a629cf80ca2,2026-09-17T08:57:28.889040+00:00
https://www.bracu.ac.bd/admissions/scholarships-and-financial-aid,Just a moment...,admissions,2,webpage,403,,1f78e202eee9fa7236ae754c3bf736eb085cd0a796d782e4a1945a629cf80ca2,2026-09-17T08:57:31.534320+00:00
https://www.bracu.ac.bd/admissions/tuition-fee-waiver-postgraduate-programs,Just a moment...,admissions,2,webpage,403,,1f78e202eee9fa7236ae754c3bf736eb085cd0a796d782e4a1945a629cf80ca2,2026-09-17T08:57:34.324494+00:00
https://www.bracu.ac.bd/admissions/freshman-enrollment-and-class-sign,Just a moment...,admissions,1,webpage,403,,1f78e202eee9fa7236ae754c3bf736eb085cd0a796d782e4a1945a629cf80ca2,2026-09-17T08:57:37.060485+00:00
https://www.bracu.ac.bd/admissions/tuition-and-fees,Just a moment...,admissions,3,webpage,403,,1f78e202eee9fa7236ae754c3bf736eb085cd0a796d782e4a1945a629cf80ca2,2026-09-17T08:57:39.758765+00:00
https://www.bracu.ac.bd/admissions/other-fees,Just a moment...,admissions,2,webpage,403,,1f78e202eee9fa7236ae754c3bf736eb085cd0a796d782e4a1945a629cf80ca2,2026-09-17T08:57:42.475305+00:00
https://www.bracu.ac.bd/admissions/brochureflyer,Just a moment...,admissions,1,webpage,403,,1f78e202eee9fa7236ae754c3bf736eb085cd0a796d782e4a1945a629cf80ca2,2026-09-17T08:57:45.175283+00:00
https://www.bracu.ac.bd/admissions/sample-questions,Just a moment...,admissions,1,webpage,403,,1f78e202eee9fa7236ae754c3bf736eb085cd0a796d782e4a1945a629cf80ca2,2026-09-17T08:57:47.851126+00:00
https://www.bracu.ac.bd/admissions/faqs-admissions,Just a moment...,admissions,1,webpage,403,,1f78e202eee9fa7236ae754c3bf736eb085cd0a796d782e4a1945a629cf80ca2,2026-09-17T08:57:50.547822+00:00
https://www.bracu.ac.bd/research,Just a moment...,general,0,webpage,403,,,2026-09-17T08:57:53.203529+00:00
https://www.bracu.ac.bd/student-life,Just a moment...,student_services,1,webpage,403,,1f78e202eee9fa7236ae754c3bf736eb085cd0a796d782e4a1945a629cf80ca2,2026-09-17T08:57:55.894791+00:00
https://www.bracu.ac.bd/student-life/brac-university-campus,Just a moment...,general,1,webpage,403,,1f78e202eee9fa7236ae754c3bf736eb085cd0a796d782e4a1945a629cf80ca2,2026-09-17T08:57:58.543359+00:00
https://www.bracu.ac.bd/student-life/residential-semester,Just a moment...,academics,1,webpage,403,,1f78e202eee9fa7236ae754c3bf736eb085cd0a796d782e4a1945a629cf80ca2,2026-09-17T08:58:01.250543+00:00
https://www.bracu.ac.bd/student-life/medical-center,Just a moment...,student_services,1,webpage,403,,1f78e202eee9fa7236ae754c3bf736eb085cd0a796d782e4a1945a629cf80ca2,2026-09-17T08:58:04.032081+00:00
https://www.bracu.ac.bd/student-life/office-co-curricular-activities-oca,Just a moment...,student_services,1,webpage,403,,1f78e202eee9fa7236ae754c3bf736eb085cd0a796d782e4a1945a629cf80ca2,2026-09-17T08:58:06.763079+00:00
https://www.bracu.ac.bd/campus-life/student-affairs/ocsar,Just a moment...,student_services,2,webpage,403,,1f78e202eee9fa7236ae754c3bf736eb085cd0a796d782e4a1945a629cf80ca2,2026-09-17T08:58:09.560979+00:00
https://www.bracu.ac.bd/student-life/office-academic-advising-oaa,Just a moment...,academics,1,webpage,403,,1f78e202eee9fa7236ae754c3bf736eb085cd0a796d782e4a1945a629cf80ca2,2026-09-17T08:58:12.335289+00:00
https://www.bracu.ac.bd/student-life/international-and-scholarship-office,Just a moment...,admissions,1,webpage,403,,1f78e202eee9fa7236ae754c3bf736eb085cd0a796d782e4a1945a629cf80ca2,2026-09-17T08:58:15.071802+00:00
https://www.bracu.ac.bd/student-life/counseling-and-wellness-centre,Just a moment...,student_services,2,webpage,403,,1f78e202eee9fa7236ae754c3bf736eb085cd0a796d782e4a1945a629cf80ca2,2026-09-17T08:58:17.962616+00:00
https://www.bracu.ac.bd/student-life/student-accommodation,Just a moment...,student_services,1,webpage,403,,1f78e202eee9fa7236ae754c3bf736eb085cd0a796d782e4a1945a629cf80ca2,2026-09-17T08:58:20.834331+00:00
https://www.bracu.ac.bd/student-life/dress-code,Just a moment...,student_services,1,webpage,403,,1f78e202eee9fa7236ae754c3bf736eb085cd0a796d782e4a1945a629cf80ca2,2026-09-17T08:58:23.634758+00:00
https://www.bracu.ac.bd/student-life/list-brac-university-clubsocietyforum,Just a moment...,student_services,2,webpage,403,,1f78e202eee9fa7236ae754c3bf736eb085cd0a796d782e4a1945a629cf80ca2,2026-09-17T08:58:26.290141+00:00
https://www.bracu.ac.bd/news-archive,Just a moment...,general,0,webpage,403,,,2026-09-17T08:58:29.133243+00:00
https://www.bracu.ac.bd/media,Just a moment...,general,0,webpage,403,,,2026-09-17T08:58:32.028391+00:00
https://www.bracu.ac.bd/sir-fazle-hasan-abed,Just a moment...,general,0,webpage,403,,,2026-09-17T08:58:34.852781+00:00
https://www.bracu.ac.bd/admission-test-results-notice-fall-2026,Just a moment...,admissions,1,webpage,403,,1f78e202eee9fa7236ae754c3bf736eb085cd0a796d782e4a1945a629cf80ca2,2026-09-17T08:58:37.514722+00:00
https://www.bracu.ac.bd/final-exam-schedule-summer-2026-except-phr,Just a moment...,general,0,webpage,403,,,2026-09-17T08:58:40.196719+00:00
https://www.bracu.ac.bd/ug-pre-registration-phase-2-schedule-fall-2026,Just a moment...,academics,1,webpage,403,,1f78e202eee9fa7236ae754c3bf736eb085cd0a796d782e4a1945a629cf80ca2,2026-09-17T08:58:43.021030+00:00
https://www.bracu.ac.bd/fablab-recruitment_circular,Just a moment...,general,0,webpage,403,,,2026-09-17T08:58:45.980536+00:00
https://www.bracu.ac.bd/program-finder/undergraduate,Just a moment...,programs,2,webpage,403,,1f78e202eee9fa7236ae754c3bf736eb085cd0a796d782e4a1945a629cf80ca2,2026-09-17T08:58:48.679131+00:00
https://www.bracu.ac.bd/program-finder/postgraduate,Just a moment...,programs,2,webpage,403,,1f78e202eee9fa7236ae754c3bf736eb085cd0a796d782e4a1945a629cf80ca2,2026-09-17T08:58:51.357944+00:00
https://www.bracu.ac.bd/node/13726,Just a moment...,general,0,webpage,403,,,2026-09-17T08:58:54.117352+00:00
https://www.bracu.ac.bd/node/25,Just a moment...,general,0,webpage,403,,,2026-09-17T08:58:57.042533+00:00
https://www.bracu.ac.bd/node/56,Just a moment...,general,0,webpage,403,,,2026-09-17T08:58:59.724743+00:00
https://www.bracu.ac.bd/news/brac-university-signs-mou-national-university,Just a moment...,general,0,webpage,403,,,2026-09-17T08:59:02.475028+00:00
https://www.bracu.ac.bd/news/brac-university-organizes-workshop-evidence-informed-teaching-and-learning,Just a moment...,general,0,webpage,403,,,2026-09-17T08:59:05.297464+00:00
https://www.bracu.ac.bd/news/brac-university-festival-gets-students-countrywide-champion-environment,Just a moment...,student_services,1,webpage,403,,1f78e202eee9fa7236ae754c3bf736eb085cd0a796d782e4a1945a629cf80ca2,2026-09-17T08:59:08.376344+00:00
https://www.bracu.ac.bd/request-information,Just a moment...,general,0,webpage,403,,,2026-09-17T08:59:11.151031+00:00
https://www.bracu.ac.bd/apply-now,Just a moment...,general,0,webpage,403,,,2026-09-17T08:59:13.928595+00:00
https://www.bracu.ac.bd/info@bracu.ac.bd,Just a moment...,general,0,webpage,403,,,2026-09-17T08:59:16.779809+00:00
https://www.bracu.ac.bd/academics/centres-and-initiatives,Just a moment...,academics,1,webpage,403,,1f78e202eee9fa7236ae754c3bf736eb085cd0a796d782e4a1945a629cf80ca2,2026-09-17T08:59:20.162813+00:00
https://www.bracu.ac.bd/academics/programs,Just a moment...,programs,1,webpage,403,,1f78e202eee9fa7236ae754c3bf736eb085cd0a796d782e4a1945a629cf80ca2,2026-09-17T08:59:23.039356+00:00
https://www.bracu.ac.bd/annual-report,Just a moment...,general,0,webpage,403,,,2026-09-17T08:59:25.750620+00:00
https://www.bracu.ac.bd/media-center,Just a moment...,general,0,webpage,403,,,2026-09-17T08:59:28.627666+00:00
https://www.bracu.ac.bd/social-media,Just a moment...,general,0,webpage,403,,,2026-09-17T08:59:31.487244+00:00
https://www.bracu.ac.bd/information-technology,Just a moment...,general,0,webpage,403,,,2026-09-17T08:59:34.417902+00:00
https://www.bracu.ac.bd/convocation,Just a moment...,general,0,webpage,403,,,2026-09-17T08:59:37.315361+00:00
https://www.bracu.ac.bd/announcements,Just a moment...,general,0,webpage,403,,,2026-09-17T08:59:40.067779+00:00
https://www.bracu.ac.bd/privacy-policy,Just a moment...,academics,1,webpage,403,,1f78e202eee9fa7236ae754c3bf736eb085cd0a796d782e4a1945a629cf80ca2,2026-09-17T08:59:42.871483+00:00
https://www.bracu.ac.bd/news-events/academic-dates?__cf_chl_rt_tk=1UNWFxPLTMdhHS9cxk0Y5lxP0PJd0kv5YTBV4F7JxrA-1789635583-1.0.1.1-T2y7.ClhNMicb.UASBSFat980_.PsGPBX7lhckt8YnM,Just a moment...,academics,1,webpage,403,,1f78e202eee9fa7236ae754c3bf736eb085cd0a796d782e4a1945a629cf80ca2,2026-09-17T08:59:45.845392+00:00
https://cse.bracu.ac.bd/login,BRACU CSE,programs,2,webpage,200,output/pages/cse_bracu_ac_bd__login.md,10255f3d00f3477393afaed8da18e32ed07f56c878e9d8fdb16c5ed4d28b46ad,2026-09-17T08:59:50.088373+00:00
https://cse.bracu.ac.bd/register,BRACU CSE,programs,2,webpage,200,output/pages/cse_bracu_ac_bd__register.md,ae055fe1c2fa257af8ae7ede198080a5c9509ab74006d3432a2b50c2efd2b298,2026-09-17T08:59:53.606987+00:00
https://cse.bracu.ac.bd/undergraduate/program,BRACU CSE,programs,4,webpage,200,output/pages/cse_bracu_ac_bd__undergraduate_program.md,35df6408e5a74e662188dd4d5da99df3ccdc26fb31267bb8b37c571501a6c946,2026-09-17T08:59:57.588969+00:00
https://cse.bracu.ac.bd/postgraduate/program,BRACU CSE,programs,9,webpage,200,output/pages/cse_bracu_ac_bd__postgraduate_program.md,d83aca1ebbb919dd30e242bff12188da2aee0adf2a2e16d699ae41d96c0dd14d,2026-09-17T09:00:02.028338+00:00
https://cse.bracu.ac.bd/faculty_list,🧨 SQLSTATE[HY000] [2002] Connection refused (SQL: select * from `users` where `users`.`id` = 511 limit 1) (View: /home/bucse/domains/cse.bracu.ac.bd/bucse/resources/views/livewire/web/pages/faculty-list.blade.php),programs,1,webpage,500,output/pages/cse_bracu_ac_bd__faculty_list.md,ca3dc9ba9847a21745117816e25c8c51aed6d7d5a2edba4d9f55de4a673e4f18,2026-09-17T09:00:14.833211+00:00
https://cse.bracu.ac.bd/advising,BRACU CSE,academics,6,webpage,200,output/pages/cse_bracu_ac_bd__advising.md,38d81f710721185190b28e8d9128b8f0296baee29176639fbabab348d381d43b,2026-09-17T09:00:50.757523+00:00
https://cse.bracu.ac.bd/thesis/supervising/list,BRACU CSE,programs,2,webpage,200,output/pages/cse_bracu_ac_bd__thesis_supervising_list.md,349caffa62f11f9ceb968ebb58108dc34c0d2f727ff72fe74b12e95ba7480c9e,2026-09-17T09:01:09.581117+00:00
https://cse.bracu.ac.bd/thesis/synopsis,BRACU CSE,programs,1,webpage,200,output/pages/cse_bracu_ac_bd__thesis_synopsis.md,08c33a6215280ae8195be496c52f397177eb485b8ccf3558d5560899b05ae579,2026-09-17T09:01:18.586381+00:00
https://cse.bracu.ac.bd/thesis/registration,Forbidden,programs,1,webpage,403,output/pages/cse_bracu_ac_bd__thesis_registration.md,22904ce23b9436f0620460f023273ebdb0bee786dbc160c7081e201fa6153a26,2026-09-17T09:01:21.627159+00:00
https://cse.bracu.ac.bd/thesis/response,BRACU CSE,programs,6,webpage,200,output/pages/cse_bracu_ac_bd__thesis_response.md,8cceb2371f584678b178c93ecc5256d553a8e68730ad8d5cb7ce56c1e2149990,2026-09-17T09:01:25.116737+00:00
https://cse.bracu.ac.bd/career,BRACU CSE,programs,2,webpage,200,output/pages/cse_bracu_ac_bd__career.md,c39439d59633436171f76abb06cd44fc8584e4d28f35c4ab7f285acbd409c1aa,2026-09-17T09:01:28.630118+00:00
https://cse.bracu.ac.bd/student/forms,BRACU CSE,programs,8,webpage,200,output/pages/cse_bracu_ac_bd__student_forms.md,ba8f8907eb6a04dfd20d14a2117fd5099214896c0ca0190f32fc786fde5e3294,2026-09-17T09:01:32.300129+00:00
https://cse.bracu.ac.bd/evaluation,BRACU CSE,programs,1,webpage,200,output/pages/cse_bracu_ac_bd__evaluation.md,8efd975db8e6c6a5c8652caa255bfadbbb79f6cf11bdd401e6d58dc81e161f43,2026-09-17T09:01:35.423086+00:00
https://cse.bracu.ac.bd/course/list,BRACU CSE,programs,5,webpage,200,output/pages/cse_bracu_ac_bd__course_list.md,294092f73ac2e4cf1c8a419fda0107d6f4bdb30253ff9cd3c42dadc279118ed3,2026-09-17T09:01:40.015017+00:00
https://cse.bracu.ac.bd/course/obeCurriculum,BRACU CSE,programs,4,webpage,200,output/pages/cse_bracu_ac_bd__course_obeCurriculum.md,984e7be120b90f4798cba4d19b3053135bd0feac7c10aa2d20a7f1c9511f8957,2026-09-17T09:01:43.742078+00:00
https://cse.bracu.ac.bd/notices,BRACU CSE,programs,3,webpage,200,output/pages/cse_bracu_ac_bd__notices.md,280d61954807d1319c773a4ed6d1648b07a564041c0bcd94260cfd644c128657,2026-09-17T09:01:47.582870+00:00
https://cse.bracu.ac.bd/announcements,BRACU CSE,programs,2,webpage,200,output/pages/cse_bracu_ac_bd__announcements.md,d6ae2056fe3c5d30c5870642b5900b02829cd347fcf14193705b4105e0a79943,2026-09-17T09:01:51.183032+00:00
https://cse.bracu.ac.bd/notice/view/11/thesis-%28pre-thesis-1%29-registration-%5bfall-2024%5d,BRACU CSE,academics,2,webpage,200,output/pages/cse_bracu_ac_bd__notice_view_11_thesis-_28pre-thesis-1_29-registration-_5bfall-2024_5d.md,4d23706d309c96c5aada063305e211f3b17bda51d64dfb365c6da17f39263e74,2026-09-17T09:01:54.766492+00:00
https://cse.bracu.ac.bd/notice/view/10/thesis-%28pre-thesis-1%29-registration-%5bsummer-2024%5d,BRACU CSE,academics,2,webpage,200,output/pages/cse_bracu_ac_bd__notice_view_10_thesis-_28pre-thesis-1_29-registration-_5bsummer-2024_5d.md,bec71a101a2f276058ae259fb5fdd57eea0221eebe2e52be88490bf8cabe31f7,2026-09-17T09:01:58.498514+00:00
https://cse.bracu.ac.bd/notice/view/9/great-talks-prof-sehtu-vijayakumar,BRACU CSE,programs,2,webpage,200,output/pages/cse_bracu_ac_bd__notice_view_9_great-talks-prof-sehtu-vijayakumar.md,c73e90d685ab08991810bdd148693d3d942fcbd6512e6c61f1a6089421c27264,2026-09-17T09:02:01.977552+00:00
https://cse.bracu.ac.bd/notice/view/8/thesis-%28pre-thesis-1%29-registration-%5bspring-2024%5d,BRACU CSE,academics,2,webpage,200,output/pages/cse_bracu_ac_bd__notice_view_8_thesis-_28pre-thesis-1_29-registration-_5bspring-2024_5d.md,874bd957b120c0a924fdfa30579a2b2617f117386190c5620e0e3a1901bc9459,2026-09-17T09:02:05.709121+00:00
https://cse.bracu.ac.bd/notice/view/7/2024-spring-student-tutor-%28st%29-recruitment,BRACU CSE,admissions,2,webpage,200,output/pages/cse_bracu_ac_bd__notice_view_7_2024-spring-student-tutor-_28st_29-recruitment.md,0374b2c9db1f1dd2e49a8ee3d3e710f06c44978203da82426397422c875ad3d4,2026-09-17T09:02:09.257800+00:00
https://cse.bracu.ac.bd/notice/view/5/vacancy-for-contractual-%28part-time%29-faculty-member-at-cse-bracu,BRACU CSE,general,1,webpage,200,output/pages/cse_bracu_ac_bd__notice_view_5_vacancy-for-contractual-_28part-time_29-faculty-member-at-cse-bracu.md,3cda019446a3f1d2ba547303d978d164180ab704308e87b0eb28afa49c72020c,2026-09-17T09:02:12.719461+00:00
https://cse.bracu.ac.bd/announcement/view/12/brac-university-cse-celebrates-outstanding-research-achievements-at-leading-international-conferences,BRACU CSE,programs,2,webpage,200,output/pages/cse_bracu_ac_bd__announcement_view_12_brac-university-cse-celebrates-outstanding-research-achievements-at-leading-international-conferences.md,ad01b65a9fb1b1f82c4122d1d6c6fae13504e4fff957da5e096535b14eb4e9e7,2026-09-17T09:02:16.200633+00:00
https://cse.bracu.ac.bd/announcement/view/6/cse-website-feedback-form,BRACU CSE,programs,2,webpage,200,output/pages/cse_bracu_ac_bd__announcement_view_6_cse-website-feedback-form.md,9f1cfe7f88b9b2958cb074da0adb4a52384dbfd86bd4dfda2a3f0dd391c8e05c,2026-09-17T09:02:19.627763+00:00
https://cse.bracu.ac.bd/contributors,BRACU CSE,programs,2,webpage,200,output/pages/cse_bracu_ac_bd__contributors.md,d103d89ef638435850033f54664d6b1e22fb975b40cde4bf0ffedbacd0017541,2026-09-17T09:02:23.162609+00:00
https://cse.bracu.ac.bd/forgot-password,BRACU CSE,programs,6,webpage,200,output/pages/cse_bracu_ac_bd__forgot-password.md,8dd11c5120dd3c5c2228bfa05df84715eeab5e88c3ae545c705fb6656a11d230,2026-09-17T09:02:26.667782+00:00
https://cse.bracu.ac.bd/course/view/CSE110,BRACU CSE,programs,3,webpage,200,output/pages/cse_bracu_ac_bd__course_view_CSE110.md,106e78cc45c931157a30ffcf69b609168e5d288e2c614f76ceec556323627cd2,2026-09-17T09:02:30.215542+00:00
https://cse.bracu.ac.bd/course/view/CSE111,BRACU CSE,programs,3,webpage,200,output/pages/cse_bracu_ac_bd__course_view_CSE111.md,e517b00267a6865261e9eff744cecb88177cc1806bd9d79688528f74badc1271,2026-09-17T09:02:37.424254+00:00
https://cse.bracu.ac.bd/course/view/CSE220,BRACU CSE,programs,3,webpage,200,output/pages/cse_bracu_ac_bd__course_view_CSE220.md,e152b561c0c38e78a61f45db9ec0d0b80bf4b69a815f5b4afc2fa70b4bb572be,2026-09-17T09:02:47.689960+00:00
https://cse.bracu.ac.bd/course/view/CSE221,BRACU CSE,programs,3,webpage,200,output/pages/cse_bracu_ac_bd__course_view_CSE221.md,a10029d3d116e71cdd0fb5b4a4da8cfd6f872b1303a402b95c5cc87a87bc2a4f,2026-09-17T09:02:56.419325+00:00
https://cse.bracu.ac.bd/course/view/CSE230,BRACU CSE,programs,3,webpage,200,output/pages/cse_bracu_ac_bd__course_view_CSE230.md,1f921c2f1c8b4c8c3b90eed6fe94ea3d3dcd0b0b203de1fc0024bfc9dd02d0b9,2026-09-17T09:02:59.932277+00:00
https://cse.bracu.ac.bd/course/view/CSE250,BRACU CSE,programs,3,webpage,200,output/pages/cse_bracu_ac_bd__course_view_CSE250.md,8f89dcffd7719c1e94090fb9411ec09759fbdc6480c66f0c5282cbbae097ead3,2026-09-17T09:03:11.816148+00:00
https://cse.bracu.ac.bd/course/view/CSE251,BRACU CSE,programs,2,webpage,200,output/pages/cse_bracu_ac_bd__course_view_CSE251.md,aec385fe9a7ce853536097a6bd7349e44fbaf3fd5be14e8d9e4fd98e2292d9dc,2026-09-17T09:03:18.935750+00:00
https://cse.bracu.ac.bd/course/view/CSE260,BRACU CSE,programs,2,webpage,200,output/pages/cse_bracu_ac_bd__course_view_CSE260.md,29d416af0820b9d6b9910659c6c343640ce33978fc41c08a2ffc0a018e685b30,2026-09-17T09:03:22.605040+00:00
https://cse.bracu.ac.bd/course/view/CSE320,BRACU CSE,programs,2,webpage,200,output/pages/cse_bracu_ac_bd__course_view_CSE320.md,302ef301d3dd85ad579e45a383793f45530f97056241a9b190d6574f583d4555,2026-09-17T09:03:31.910479+00:00
https://cse.bracu.ac.bd/course/view/CSE321,BRACU CSE,programs,3,webpage,200,output/pages/cse_bracu_ac_bd__course_view_CSE321.md,c2697ad5ea8055a6542d742a015a7543b80dd07484f4233fed590d14c12bdd60,2026-09-17T09:03:39.375182+00:00
https://cse.bracu.ac.bd/course/view/CSE330,BRACU CSE,programs,2,webpage,200,output/pages/cse_bracu_ac_bd__course_view_CSE330.md,b683df5378cbb8f18c432ccefb0895076a10164c2f079ae9db62ce309a95362f,2026-09-17T09:03:43.023711+00:00
https://cse.bracu.ac.bd/course/view/CSE331,BRACU CSE,programs,2,webpage,200,output/pages/cse_bracu_ac_bd__course_view_CSE331.md,679014864cbbd4849d3061ecd87e12fdf7411d6422d2c9282abb19556235b321,2026-09-17T09:03:46.596428+00:00
https://cse.bracu.ac.bd/course/view/CSE340,BRACU CSE,programs,3,webpage,200,output/pages/cse_bracu_ac_bd__course_view_CSE340.md,6a46d43bec1a176188e016bc18944035d0070ba79c6f14971bbc448cde2c0ef1,2026-09-17T09:03:50.104081+00:00
https://cse.bracu.ac.bd/course/view/CSE341,BRACU CSE,programs,3,webpage,200,output/pages/cse_bracu_ac_bd__course_view_CSE341.md,30a01a2a641ccd7982654f237784eb4f8aea13739fb0444aae4108a19d6f49b8,2026-09-17T09:04:00.540254+00:00
https://cse.bracu.ac.bd/course/view/CSE350,BRACU CSE,programs,2,webpage,200,output/pages/cse_bracu_ac_bd__course_view_CSE350.md,a919013001262b04de9111468cfafe5f66b81e6cbb70883d25572a9273796fbc,2026-09-17T09:04:09.336772+00:00
https://cse.bracu.ac.bd/course/view/CSE360,BRACU CSE,programs,3,webpage,200,output/pages/cse_bracu_ac_bd__course_view_CSE360.md,651f9cf2280acb1b71dd08152119e47ebed3123353b7adb2c4fc0af36d869986,2026-09-17T09:04:12.868059+00:00
https://cse.bracu.ac.bd/course/view/CSE370,BRACU CSE,programs,3,webpage,200,output/pages/cse_bracu_ac_bd__course_view_CSE370.md,5b373beacf0413b8b81ca0a972fe611705f64a7f5b1c54f72bf5f7acbe51ac39,2026-09-17T09:04:24.635785+00:00
https://cse.bracu.ac.bd/course/view/CSE400,BRACU CSE,programs,2,webpage,200,output/pages/cse_bracu_ac_bd__course_view_CSE400.md,044c4de33a5885fcbdce6ca92af170578e8fab1cc02aee899ba07ac98cbfbbf6,2026-09-17T09:04:28.210900+00:00
https://cse.bracu.ac.bd/course/view/CSE420,BRACU CSE,programs,3,webpage,200,output/pages/cse_bracu_ac_bd__course_view_CSE420.md,3875b75be614fb1ede817abc1bffa97108c83b92e1d9d7c960af6ff0e49f1ff5,2026-09-17T09:04:31.815033+00:00
https://cse.bracu.ac.bd/course/view/CSE421,BRACU CSE,programs,4,webpage,200,output/pages/cse_bracu_ac_bd__course_view_CSE421.md,bdbfbbc082d5a9c7a663b75140b8ff87d257ffbbdba4b315a11adf9d67d5eb4c,2026-09-17T09:04:42.215088+00:00
https://cse.bracu.ac.bd/course/view/CSE422,BRACU CSE,programs,3,webpage,200,output/pages/cse_bracu_ac_bd__course_view_CSE422.md,84f15320c18d3d04f31f52a26b27188de07a2c7753db0e50779fcebb94e7abf7,2026-09-17T09:04:45.970871+00:00
https://cse.bracu.ac.bd/course/view/CSE423,BRACU CSE,programs,2,webpage,200,output/pages/cse_bracu_ac_bd__course_view_CSE423.md,d5d3a27397fb6390544a28bba3f1490d2d2519f99b1d6be0b6d49c41ca6f9019,2026-09-17T09:04:49.568671+00:00
https://cse.bracu.ac.bd/course/view/CSE460,BRACU CSE,programs,3,webpage,200,output/pages/cse_bracu_ac_bd__course_view_CSE460.md,aa403b5f245045984691148f3695f0892cd2ae7933e1f11985c7a8bf81b0dd12,2026-09-17T09:04:53.090998+00:00
https://cse.bracu.ac.bd/course/view/CSE461,BRACU CSE,programs,2,webpage,200,output/pages/cse_bracu_ac_bd__course_view_CSE461.md,1e56db3e48d847b56e05f07511e1977230e2eaecf58f44002409294eb304ecef,2026-09-17T09:05:03.355040+00:00
https://cse.bracu.ac.bd/course/view/CSE470,BRACU CSE,programs,3,webpage,200,output/pages/cse_bracu_ac_bd__course_view_CSE470.md,f55abd1382336589339ece8d820bb10f9f2d9e3001467ed804758b21e0d67c0d,2026-09-17T09:05:13.718483+00:00
https://cse.bracu.ac.bd/course/view/CSE471,BRACU CSE,programs,3,webpage,200,output/pages/cse_bracu_ac_bd__course_view_CSE471.md,7e41da958dbcac30a9b92b639f50cc0567120df48b1dd39e98df97ee8f937009,2026-09-17T09:05:25.860256+00:00
https://cse.bracu.ac.bd/course/view/1,BRACU CSE,programs,6,webpage,200,output/pages/cse_bracu_ac_bd__course_view_1.md,dee18e450fcd0464a12d00ff4f181c82e003fe149f8660ebc3046a9fdf597a4f,2026-09-17T09:05:29.422858+00:00
https://cse.bracu.ac.bd/course/view/CSE700,BRACU CSE,programs,4,webpage,200,output/pages/cse_bracu_ac_bd__course_view_CSE700.md,57d20e9b4d98809534bfbde295c654bc0bfa22dba5cb8397b2840ebf744abd13,2026-09-17T09:05:32.954811+00:00
https://cse.bracu.ac.bd/course/view/CSE705,BRACU CSE,programs,2,webpage,200,output/pages/cse_bracu_ac_bd__course_view_CSE705.md,f1e4d501764c46a7fe7bb77d555794c911ae1117b4477363d788fad677594926,2026-09-17T09:05:36.787994+00:00
https://cse.bracu.ac.bd/course/view/CSE706,BRACU CSE,programs,2,webpage,200,output/pages/cse_bracu_ac_bd__course_view_CSE706.md,dbf3adb169cd346afc297d21f6e88196bf02e59e7eef1b954f42a040a8dd39b5,2026-09-17T09:05:40.347658+00:00
https://cse.bracu.ac.bd/course/view/CSE707,BRACU CSE,programs,2,webpage,200,output/pages/cse_bracu_ac_bd__course_view_CSE707.md,4df9e3fc70ba29cbcee8f7ae6972f398b647d1ee017e3d07fed3bcd88ad4156e,2026-09-17T09:05:43.991302+00:00
https://cse.bracu.ac.bd/course/view/CSE708,BRACU CSE,programs,2,webpage,200,output/pages/cse_bracu_ac_bd__course_view_CSE708.md,ad7430ae8bab7b7c5cb1a331fab6aebe435c17f0724f8e6cb468c783b769a58e,2026-09-17T09:05:47.999647+00:00
https://cse.bracu.ac.bd/course/view/CSE709,BRACU CSE,programs,2,webpage,200,output/pages/cse_bracu_ac_bd__course_view_CSE709.md,8cb4907a78cdcc7fcf3b39a76fcdb737c91e60177d08541e95da0089422994e2,2026-09-17T09:05:51.601373+00:00
https://cse.bracu.ac.bd/course/view/CSE710,BRACU CSE,programs,2,webpage,200,output/pages/cse_bracu_ac_bd__course_view_CSE710.md,7c5b5a1ff359d45019adc6b059c417aae8fbd912d9769050507bc6e3ded98588,2026-09-17T09:05:55.215969+00:00
https://cse.bracu.ac.bd/course/view/CSE711,BRACU CSE,programs,2,webpage,200,output/pages/cse_bracu_ac_bd__course_view_CSE711.md,bd9c99391b9e87eaf1fb915dd99533d1ea394f9fbeec3e31c9a6be1372bd2b41,2026-09-17T09:05:58.794026+00:00
https://cse.bracu.ac.bd/course/view/CSE713,BRACU CSE,programs,2,webpage,200,output/pages/cse_bracu_ac_bd__course_view_CSE713.md,b8010241f13f0ac197a06321635e710861a1634debe04d5abeb3ab91d46cf559,2026-09-17T09:06:02.428028+00:00
https://cse.bracu.ac.bd/course/view/CSE715,BRACU CSE,programs,2,webpage,200,output/pages/cse_bracu_ac_bd__course_view_CSE715.md,4183acac5516d03f658b7b21632dd8472a7bb7ab0723e961bcd62e533e5071f2,2026-09-17T09:06:06.072220+00:00
https://cse.bracu.ac.bd/course/view/CSE716,BRACU CSE,programs,2,webpage,200,output/pages/cse_bracu_ac_bd__course_view_CSE716.md,7158e3f12296055b57275d23d7deb89a9a6a2cd66e11522e154fafb8d8bf845e,2026-09-17T09:06:09.615381+00:00
https://cse.bracu.ac.bd/course/view/CSE717,BRACU CSE,programs,3,webpage,200,output/pages/cse_bracu_ac_bd__course_view_CSE717.md,89671a1793ecaf8ad15a68681ba1ec994fc6e6b1f82c1ad3d9c42b87139f2e77,2026-09-17T09:06:14.912334+00:00
https://cse.bracu.ac.bd/course/view/CSE718,BRACU CSE,programs,2,webpage,200,output/pages/cse_bracu_ac_bd__course_view_CSE718.md,051b56dd7954d02598c8ca65f5d60200a038012c6567db626710240b015bc5ab,2026-09-17T09:06:18.489158+00:00
https://cse.bracu.ac.bd/course/view/CSE720,BRACU CSE,programs,3,webpage,200,output/pages/cse_bracu_ac_bd__course_view_CSE720.md,26e08d300c8c5980b138f73035e90782d020876185c3e0b4928e42f7313adbe9,2026-09-17T09:06:22.046264+00:00
https://cse.bracu.ac.bd/course/view/CSE721,BRACU CSE,programs,2,webpage,200,output/pages/cse_bracu_ac_bd__course_view_CSE721.md,24cc18d8e6ed03380342de51be25c2462ca081f52d1da78d0583d2f62d29faa7,2026-09-17T09:06:25.567851+00:00
https://cse.bracu.ac.bd/course/view/CSE722,BRACU CSE,programs,2,webpage,200,output/pages/cse_bracu_ac_bd__course_view_CSE722.md,ebb194778c47b4c093aee8a6dd745b6dabeb80f4d7886f68adab79a823542e1e,2026-09-17T09:06:29.850605+00:00
https://cse.bracu.ac.bd/course/view/CSE723,BRACU CSE,admissions,2,webpage,200,output/pages/cse_bracu_ac_bd__course_view_CSE723.md,095cb6d4436658918c2c1ec9e7008303bd1ff946ebc2d0a32a1113948eba0f7b,2026-09-17T09:06:34.013898+00:00
https://cse.bracu.ac.bd/course/view/CSE724,BRACU CSE,programs,2,webpage,200,output/pages/cse_bracu_ac_bd__course_view_CSE724.md,1ab5638130c48b97943c4295cf92099069149904956533cc21830788646d89fe,2026-09-17T09:06:37.564945+00:00
https://cse.bracu.ac.bd/course/view/CSE725,BRACU CSE,programs,3,webpage,200,output/pages/cse_bracu_ac_bd__course_view_CSE725.md,43a58a3d7276110c0c34f51c0038afb72fe45c156b89407a733bb04568f6b1f5,2026-09-17T09:06:41.124213+00:00
https://cse.bracu.ac.bd/course/view/CSE726,BRACU CSE,programs,2,webpage,200,output/pages/cse_bracu_ac_bd__course_view_CSE726.md,92c5ff9df748649922e73b54d2ddf753ce7eda50e090da9d2be8e7741240a876,2026-09-17T09:06:44.934076+00:00
https://cse.bracu.ac.bd/course/view/CSE727,BRACU CSE,programs,2,webpage,200,output/pages/cse_bracu_ac_bd__course_view_CSE727.md,c6c08d672e5db6ce7f5b0bb9d4a4ddb7436ac3165687c5dc75e55d44225a309e,2026-09-17T09:06:48.501297+00:00
https://cse.bracu.ac.bd/course/view/CSE728,BRACU CSE,programs,2,webpage,200,output/pages/cse_bracu_ac_bd__course_view_CSE728.md,9b52685b969b60583f87b7165cb330e2306a9ece9facef762c36442d08a312fb,2026-09-17T09:06:51.968281+00:00
https://cse.bracu.ac.bd/course/view/CSE729,BRACU CSE,programs,2,webpage,200,output/pages/cse_bracu_ac_bd__course_view_CSE729.md,7d12692002a9728da6398da44c2f4a76f871450bd3153b0c3287e7afcba68585,2026-09-17T09:06:55.844012+00:00
https://cse.bracu.ac.bd/course/view/CSE730,BRACU CSE,programs,2,webpage,200,output/pages/cse_bracu_ac_bd__course_view_CSE730.md,ccc2b3eff6133dc21aef965e103862db1efbb0aab4421e78bb9249d33062db99,2026-09-17T09:06:59.465036+00:00
https://cse.bracu.ac.bd/course/view/CSE731,BRACU CSE,programs,2,webpage,200,output/pages/cse_bracu_ac_bd__course_view_CSE731.md,c2796f6c53e59ad4ccc2f1e2142c6e394932606cf61b7fc516af62fe458da0a5,2026-09-17T09:07:03.042409+00:00
https://cse.bracu.ac.bd/course/view/CSE732,BRACU CSE,programs,2,webpage,200,output/pages/cse_bracu_ac_bd__course_view_CSE732.md,f94471e0aa2b265ceda847b6013eaf1d0e9d483b80790d2598f458908d5f1ffc,2026-09-17T09:07:06.598922+00:00
https://cse.bracu.ac.bd/course/view/CSE741,BRACU CSE,programs,2,webpage,200,output/pages/cse_bracu_ac_bd__course_view_CSE741.md,c30f69ff7646f9705e2afe18df90f433b81ed73e0c6bbf48302dab2483e08f88,2026-09-17T09:07:10.219156+00:00
https://cse.bracu.ac.bd/course/view/CSE751,BRACU CSE,programs,2,webpage,200,output/pages/cse_bracu_ac_bd__course_view_CSE751.md,73b3ec4a5f775e76cc4c66ba0b45f9b5c65aa8d7283f77c0d34c19ab24a77802,2026-09-17T09:07:13.796928+00:00
https://cse.bracu.ac.bd/course/view/CSE752,BRACU CSE,programs,2,webpage,200,output/pages/cse_bracu_ac_bd__course_view_CSE752.md,ed477e4d7e73ea94d3b8ae1d6793e3836e5a3d79e8b9502965e0d17046298ea1,2026-09-17T09:07:17.714320+00:00
https://cse.bracu.ac.bd/course/view/CSE753,BRACU CSE,programs,2,webpage,200,output/pages/cse_bracu_ac_bd__course_view_CSE753.md,ef7d1d94cc4b4476778f64f368a147929067f925a74139024b87b2b0bf2c8c2b,2026-09-17T09:07:21.268905+00:00
https://cse.bracu.ac.bd/course/view/CSE754,BRACU CSE,programs,2,webpage,200,output/pages/cse_bracu_ac_bd__course_view_CSE754.md,99f02a81e6ca61af7c8d4b3959147b132bfa83fab6aee89b997a2dc63e31bd89,2026-09-17T09:07:24.804327+00:00
https://cse.bracu.ac.bd/course/view/CSE755,BRACU CSE,programs,2,webpage,200,output/pages/cse_bracu_ac_bd__course_view_CSE755.md,5335986b8ebee2dde6710cf9ab6fbb03c7e5096d01a1b26e9acb6e928cebe33c,2026-09-17T09:07:28.369640+00:00
https://cse.bracu.ac.bd/course/view/CSE756,BRACU CSE,programs,2,webpage,200,output/pages/cse_bracu_ac_bd__course_view_CSE756.md,9512585d825af0f1f33e6516aef69af2d232883fe8ba72be538fc5d9a8244238,2026-09-17T09:07:31.951675+00:00
https://cse.bracu.ac.bd/course/view/CSE757,BRACU CSE,programs,2,webpage,200,output/pages/cse_bracu_ac_bd__course_view_CSE757.md,8b310f4ef2c883c1f6a624adc75fc8ed6f835a7894c81efc6c8d690c8027e93d,2026-09-17T09:07:35.433747+00:00
https://cse.bracu.ac.bd/course/view/CSE758,BRACU CSE,programs,2,webpage,200,output/pages/cse_bracu_ac_bd__course_view_CSE758.md,a4ff2061897c5f98fb2c9934f7418b8a384cc223d6b7d2040e6081da5b6aafc8,2026-09-17T09:07:38.998036+00:00
https://cse.bracu.ac.bd/course/view/CSE759,BRACU CSE,programs,2,webpage,200,output/pages/cse_bracu_ac_bd__course_view_CSE759.md,49e3eef58e1da2f9f5aa37c60a7c73330ac6b4082939aced22e6ef3baeab0df7,2026-09-17T09:07:42.512782+00:00
https://cse.bracu.ac.bd/course/view/CSE761,BRACU CSE,programs,3,webpage,200,output/pages/cse_bracu_ac_bd__course_view_CSE761.md,fe1dd387cc15902af159f3315573b06f2e4094b6e110326fd6b20893e30fc75e,2026-09-17T09:07:46.028833+00:00
https://cse.bracu.ac.bd/course/view/CSE762,BRACU CSE,programs,2,webpage,200,output/pages/cse_bracu_ac_bd__course_view_CSE762.md,f6bd3c47c1d32a62651a98c86d30672f8008e7895a712ac819f1d800f2f3b163,2026-09-17T09:07:49.517344+00:00
https://cse.bracu.ac.bd/course/view/CSE763,BRACU CSE,programs,2,webpage,200,output/pages/cse_bracu_ac_bd__course_view_CSE763.md,beaf5b7be3a4ebf5a88814968939cd2d21885e294620225b626946caf40b1ca9,2026-09-17T09:07:53.080150+00:00
https://cse.bracu.ac.bd/course/view/CSE771,BRACU CSE,programs,2,webpage,200,output/pages/cse_bracu_ac_bd__course_view_CSE771.md,c6e520cb3617692121d0c04a474e346de0f9a199c7220b75b43c66599914f491,2026-09-17T09:07:56.602762+00:00
https://cse.bracu.ac.bd/course/view/CSE772,BRACU CSE,programs,3,webpage,200,output/pages/cse_bracu_ac_bd__course_view_CSE772.md,9a9dd32ee0776245d5ff139b196fe1d094b7ed6e9dd6b7d8c21b009323d53003,2026-09-17T09:08:00.112901+00:00
https://cse.bracu.ac.bd/course/view/CSE773,BRACU CSE,programs,2,webpage,200,output/pages/cse_bracu_ac_bd__course_view_CSE773.md,dc6b501cd7708ade77f5766caeb580bf90fcd0e18bb3368bf72846a657400c73,2026-09-17T09:08:03.775358+00:00
https://cse.bracu.ac.bd/course/view/CSE774,BRACU CSE,programs,2,webpage,200,output/pages/cse_bracu_ac_bd__course_view_CSE774.md,792c990bff923212a3951ae42a621202a5e6b3de91f32c4cdecb04df8961a198,2026-09-17T09:08:07.353240+00:00
https://cse.bracu.ac.bd/course/view/CSE791,BRACU CSE,programs,2,webpage,200,output/pages/cse_bracu_ac_bd__course_view_CSE791.md,b5b0896f02548faa889e3bd8bffb1738745ba265564dac8e6eb1bdf242361cfb,2026-09-17T09:08:10.877408+00:00
https://cse.bracu.ac.bd/course/view/CSE798,BRACU CSE,programs,4,webpage,200,output/pages/cse_bracu_ac_bd__course_view_CSE798.md,4b65111da9652d95dd95263510127ae7a666d1fe3a6b10ff34c566323c8ebac1,2026-09-17T09:08:14.328385+00:00
https://www.bracu.ac.bd/academics/institutes-and-schools/school-general-education/requirements,Just a moment...,admissions,1,webpage,403,,1f78e202eee9fa7236ae754c3bf736eb085cd0a796d782e4a1945a629cf80ca2,2026-09-17T09:08:17.425983+00:00
https://www.bracu.ac.bd/academics/institutes-and-schools/school-general-education/streams-and-courses,Just a moment...,programs,1,webpage,403,,1f78e202eee9fa7236ae754c3bf736eb085cd0a796d782e4a1945a629cf80ca2,2026-09-17T09:08:20.170145+00:00
https://www.bracu.ac.bd/academics/policies-and-procedures/coursesemester-drop-policy,Just a moment...,academics,4,webpage,403,,1f78e202eee9fa7236ae754c3bf736eb085cd0a796d782e4a1945a629cf80ca2,2026-09-17T09:08:22.862643+00:00
https://www.bracu.ac.bd/sites/default/files/registrar/forms/Course_drop_replace_form-bracu.pdf,sites_default_files_registrar_forms_Course_drop_replace_form-bracu,programs,1,pdf,200,output/pages/sites_default_files_registrar_forms_Course_drop_replace_form-bracu.md,2b24747f3608a7d79b279cb0800adcbfd2ab7bfb5eb678919c1eacaca6324816,2026-09-17T09:08:25.324167+00:00
https://www.bracu.ac.bd/sites/default/files/forms/INTER%20DEPARTMENT%20TRANSFER%20FORM%202019.pdf,sites_default_files_forms_INTER_20DEPARTMENT_20TRANSFER_20FORM_202019,general,0,pdf,200,output/pages/sites_default_files_forms_INTER_20DEPARTMENT_20TRANSFER_20FORM_202019.md,676ae56c0a47537fdc2b248d0656f6339e7d3839b24b31066cc63d75f12f3aa4,2026-09-17T09:08:25.460045+00:00
https://cse.bracu.ac.bd/faculty_profile/525/dr_badhan_das,Dr. Badhan Das - BRACU CSE,programs,5,webpage,200,output/pages/cse_bracu_ac_bd__faculty_profile_525_dr_badhan_das.md,bab6e12549082fac172a00ea80adbeaedd8155fab828ba18ed2f32098453fc0f,2026-09-17T09:08:28.631576+00:00
https://cse.bracu.ac.bd/faculty_profile/526/k_m_azwad_hossain,K. M. Azwad Hossain - BRACU CSE,programs,3,webpage,200,output/pages/cse_bracu_ac_bd__faculty_profile_526_k_m_azwad_hossain.md,cd0c3437c2eb260347e5875ebd267e1230eb552a7194a2c2f00b3071ddcafda1,2026-09-17T09:08:32.272931+00:00
https://cse.bracu.ac.bd/faculty_profile/524/md_mizanur_rahman_mustakim,Md Mizanur Rahman Mustakim - BRACU CSE,programs,3,webpage,200,output/pages/cse_bracu_ac_bd__faculty_profile_524_md_mizanur_rahman_mustakim.md,fc830ef3346f8804b3422003ba5f3dc67e700d374aff72f4efc24959d07cdc4f,2026-09-17T09:08:35.926206+00:00
https://cse.bracu.ac.bd/faculty_profile/529/mollah_md_saif,Mollah Md Saif - BRACU CSE,programs,4,webpage,200,output/pages/cse_bracu_ac_bd__faculty_profile_529_mollah_md_saif.md,bccdf930e2c81fc7e6f95bbc4d03ef2facdd34a07c41610e0fe612d4e6875374,2026-09-17T09:08:41.987385+00:00
https://cse.bracu.ac.bd/faculty_profile/517/md_alvi_islam_ratul,Md. Alvi Islam Ratul - BRACU CSE,programs,4,webpage,200,output/pages/cse_bracu_ac_bd__faculty_profile_517_md_alvi_islam_ratul.md,d37e7972433b8f8d175f8dcd6dcf8bc8d2f203528ad1a762a7ba5ea930ea3f9b,2026-09-17T09:08:45.611218+00:00
https://cse.bracu.ac.bd/faculty_profile/482/md_ishrak_ahsan,Md. Ishrak Ahsan - BRACU CSE,programs,4,webpage,200,output/pages/cse_bracu_ac_bd__faculty_profile_482_md_ishrak_ahsan.md,202306fe1d2b1167f0e643da8c743adcffdca3d3b822495d10abc8dd1f997e71,2026-09-17T09:08:49.369799+00:00
https://cse.bracu.ac.bd/faculty_profile/483/mahir_labib_dihan,Mahir Labib Dihan - BRACU CSE,programs,4,webpage,200,output/pages/cse_bracu_ac_bd__faculty_profile_483_mahir_labib_dihan.md,900d8d368945d296bb0961accb47c2f782ac7a7dd41b961c949d78abe52965c3,2026-09-17T09:08:53.082662+00:00
https://cse.bracu.ac.bd/faculty_profile/411/sakib_anwar_rieyan,Sakib Anwar Rieyan - BRACU CSE,programs,4,webpage,200,output/pages/cse_bracu_ac_bd__faculty_profile_411_sakib_anwar_rieyan.md,15f6a2335014212f142c5c85755f062dccdcf245d44cc9a7329cc76f03b23796,2026-09-17T09:08:56.713107+00:00
https://cse.bracu.ac.bd/faculty_profile/492/angkon_deb,Angkon Deb - BRACU CSE,programs,1,webpage,200,output/pages/cse_bracu_ac_bd__faculty_profile_492_angkon_deb.md,479411436f9eef798b8561cf8026dd644ed2475dc8d612f1b8c7e816d87aa2f6,2026-09-17T09:09:00.634078+00:00
https://cse.bracu.ac.bd/faculty_profile/493/md_toky_tazwar,Md Toky Tazwar - BRACU CSE,programs,5,webpage,200,output/pages/cse_bracu_ac_bd__faculty_profile_493_md_toky_tazwar.md,fdce227e4ce0dbbc7a4f670883952050b71ca956e846712f5eb908cc1c59beb5,2026-09-17T09:09:04.213306+00:00
https://cse.bracu.ac.bd/faculty_profile/276/ahmed_akib_jawad_karim,Ahmed Akib Jawad Karim - BRACU CSE,programs,4,webpage,200,output/pages/cse_bracu_ac_bd__faculty_profile_276_ahmed_akib_jawad_karim.md,db33e0b8a6f454e408247c63a7587a682e8d89ccc1611d3d6b6a26b936f5b9a5,2026-09-17T09:09:07.988274+00:00
https://cse.bracu.ac.bd/faculty_profile/154/monirul_haque,Monirul Haque - BRACU CSE,programs,3,webpage,200,output/pages/cse_bracu_ac_bd__faculty_profile_154_monirul_haque.md,6462f02aa8e2802dad1532da9a360de7c7d0ec947032e809d89317dfcce47868,2026-09-17T09:09:11.611932+00:00
https://cse.bracu.ac.bd/faculty_profile/180/dr_sadia_hamid_kazi,Dr. Sadia Hamid Kazi - BRACU CSE,programs,4,webpage,200,output/pages/cse_bracu_ac_bd__faculty_profile_180_dr_sadia_hamid_kazi.md,f3989fd7ff084174b0d30631992a7ddcf0d0095ff6ade69534d8406298f0bc4b,2026-09-17T09:09:15.213107+00:00
https://cse.bracu.ac.bd/faculty_profile/177/dr_mohammad_kaykobad,Dr. Mohammad Kaykobad - BRACU CSE,programs,3,webpage,200,output/pages/cse_bracu_ac_bd__faculty_profile_177_dr_mohammad_kaykobad.md,e713d583698ff413c06afa371addfdc37dcc9581621403b347225b9eb4256649,2026-09-17T09:09:28.957366+00:00
https://cse.bracu.ac.bd/faculty_profile/151/dr_chowdhury_mofizur_rahman,Dr. Chowdhury Mofizur Rahman - BRACU CSE,programs,3,webpage,200,output/pages/cse_bracu_ac_bd__faculty_profile_151_dr_chowdhury_mofizur_rahman.md,401de7f8015c22aa8a16e12e93c5845909033c3f4b6473e1346f2cb34bb9239b,2026-09-17T09:09:33.227127+00:00
https://cse.bracu.ac.bd/faculty_profile/193/dr_md_khalilur_rahman,Dr. Md. Khalilur Rahman - BRACU CSE,programs,6,webpage,200,output/pages/cse_bracu_ac_bd__faculty_profile_193_dr_md_khalilur_rahman.md,de6c63886b2db41fea484165c3a53f239fdf8318692f1065d8179a2664fcae2b,2026-09-17T09:09:37.266431+00:00
https://cse.bracu.ac.bd/faculty_profile/113/dr_md_golam_rabiul_alam,Dr. Md. Golam Rabiul Alam - BRACU CSE,programs,5,webpage,200,output/pages/cse_bracu_ac_bd__faculty_profile_113_dr_md_golam_rabiul_alam.md,fcd3a2e063fc5415fc55d256ef2ea25da33662c65cee4337daab1401a8accf0c,2026-09-17T09:09:40.872407+00:00
https://cse.bracu.ac.bd/faculty_profile/22/dr_md_sadek_ferdous,Dr. Md Sadek Ferdous - BRACU CSE,programs,3,webpage,200,output/pages/cse_bracu_ac_bd__faculty_profile_22_dr_md_sadek_ferdous.md,3edb33e684b8b712cc86e2d17b5e436044f4a625713b86d24fc3a3aa5d7be02e,2026-09-17T09:09:44.524574+00:00
https://cse.bracu.ac.bd/faculty_profile/69/dr_amitabha_chakrabarty,Dr. Amitabha Chakrabarty - BRACU CSE,programs,5,webpage,200,output/pages/cse_bracu_ac_bd__faculty_profile_69_dr_amitabha_chakrabarty.md,a67601f224a98611d2999a567d261cfb34a42494c143f68462246ebf263b8cec,2026-09-17T09:09:48.525026+00:00
https://cse.bracu.ac.bd/faculty_profile/211/dr_farida_chowdhury,Dr. Farida Chowdhury - BRACU CSE,programs,6,webpage,200,output/pages/cse_bracu_ac_bd__faculty_profile_211_dr_farida_chowdhury.md,e44bbcf192e6e0f803ea6cf1b66540209feb4d55fbcfef1d1fe7bf92065461be,2026-09-17T09:09:52.327478+00:00
https://cse.bracu.ac.bd/faculty_profile/333/dr_swakkhar_shatabda,Dr. Swakkhar Shatabda - BRACU CSE,programs,6,webpage,200,output/pages/cse_bracu_ac_bd__faculty_profile_333_dr_swakkhar_shatabda.md,f60378a325f154861bf915659fc6a4660365db29de43391aaf42704dad9a98c3,2026-09-17T09:09:55.970704+00:00
https://cse.bracu.ac.bd/faculty_profile/204/dr_taiabul_haque,Dr. Taiabul Haque - BRACU CSE,programs,3,webpage,200,output/pages/cse_bracu_ac_bd__faculty_profile_204_dr_taiabul_haque.md,17c0158042199fbee37ea08d9b32226241df6c53cf10d692a54bd4265137b206,2026-09-17T09:09:59.512033+00:00
https://cse.bracu.ac.bd/faculty_profile/188/dr_muhammad_nur_yanhaona,Dr. Muhammad Nur Yanhaona - BRACU CSE,programs,5,webpage,200,output/pages/cse_bracu_ac_bd__faculty_profile_188_dr_muhammad_nur_yanhaona.md,8ec7f829ac3f3980ea7854bd91f906af2d7c315bf2e44d9a784b73445654b6cc,2026-09-17T09:10:03.293957+00:00
https://cse.bracu.ac.bd/faculty_profile/164/dr_md_ashraful_alam,Dr. Md. Ashraful Alam - BRACU CSE,programs,6,webpage,200,output/pages/cse_bracu_ac_bd__faculty_profile_164_dr_md_ashraful_alam.md,5c76d0c6c27e4482815293cfe0d34daced79a1262cdc2bf8f8b426bc26c14bda,2026-09-17T09:10:07.649730+00:00
https://cse.bracu.ac.bd/faculty_profile/24/dr_muhammad_iqbal_hossain,Dr. Muhammad Iqbal Hossain - BRACU CSE,programs,4,webpage,200,output/pages/cse_bracu_ac_bd__faculty_profile_24_dr_muhammad_iqbal_hossain.md,407993a259dde194e856c6a325f291fceb228c14b7c943f4dc39316fe3e84834,2026-09-17T09:10:13.201062+00:00
https://cse.bracu.ac.bd/faculty_profile/194/dr_farig_yousuf_sadeque,Dr. Farig Yousuf Sadeque - BRACU CSE,programs,4,webpage,200,output/pages/cse_bracu_ac_bd__faculty_profile_194_dr_farig_yousuf_sadeque.md,ba7868985f70acb1918e45e4b3565e73c8cd17c4234c9fb8d05a78d8c2358fd8,2026-09-17T09:10:16.766756+00:00
https://cse.bracu.ac.bd/faculty_profile/433/dr_md_sakir_hossain,Dr. Md. Sakir Hossain - BRACU CSE,programs,5,webpage,200,output/pages/cse_bracu_ac_bd__faculty_profile_433_dr_md_sakir_hossain.md,39e424008bf0b56909bc55da2a33beb8a5d5b353c43c40b50f400cbfbb3d06e1,2026-09-17T09:10:21.440757+00:00
https://cse.bracu.ac.bd/faculty_profile/125/dr_aniqua_nusrat_zereen,Dr. Aniqua Nusrat Zereen - BRACU CSE,programs,4,webpage,200,output/pages/cse_bracu_ac_bd__faculty_profile_125_dr_aniqua_nusrat_zereen.md,21407db81a80327a0c7fbe2647ed9892e89818ccad3421e8f8654db092802f20,2026-09-17T09:10:25.553581+00:00
https://cse.bracu.ac.bd/faculty_profile/145/mr_annajiat_alim_rasel,Mr. Annajiat Alim Rasel - BRACU CSE,programs,3,webpage,200,output/pages/cse_bracu_ac_bd__faculty_profile_145_mr_annajiat_alim_rasel.md,2680cf9cf09febf1e8245f1cbaa7076ff98c89ec16d75778b6f7a7ce50f24f67,2026-09-17T09:10:29.336615+00:00
https://cse.bracu.ac.bd/faculty_profile/191/mr_moin_mostakim,Mr. Moin Mostakim - BRACU CSE,programs,5,webpage,200,output/pages/cse_bracu_ac_bd__faculty_profile_191_mr_moin_mostakim.md,48a997c81a5cd21895e2ae816cc8990133506ae16e5ecb817988dc71280e0a9a,2026-09-17T09:10:32.982127+00:00
https://cse.bracu.ac.bd/faculty_profile/122/md_saiful_islam,Md. Saiful Islam - BRACU CSE,general,2,webpage,200,output/pages/cse_bracu_ac_bd__faculty_profile_122_md_saiful_islam.md,0e9b1f737c4184c24d3a24afdcc7482f90978920df9c33ecfdf5d489255d24fc,2026-09-17T09:10:37.193794+00:00
https://cse.bracu.ac.bd/faculty_profile/28/md_tawhid_anwar,Md. Tawhid Anwar - BRACU CSE,programs,3,webpage,200,output/pages/cse_bracu_ac_bd__faculty_profile_28_md_tawhid_anwar.md,8a1366eb0f5337ba27343534e8c45400ffa37e5760a35ad4cd30955ad848d645,2026-09-17T09:10:40.886480+00:00
https://cse.bracu.ac.bd/faculty_profile/78/md_imran_bin_azad,Md. Imran Bin Azad - BRACU CSE,programs,3,webpage,200,output/pages/cse_bracu_ac_bd__faculty_profile_78_md_imran_bin_azad.md,5016081f2d562fb888bc31868e73ba99d330ab5043c3fb266cc19a60a4b82f2f,2026-09-17T09:10:44.461080+00:00
https://cse.bracu.ac.bd/faculty_profile/112/mr_rubayat_ahmed_khan,Mr. Rubayat Ahmed Khan - BRACU CSE,programs,4,webpage,200,output/pages/cse_bracu_ac_bd__faculty_profile_112_mr_rubayat_ahmed_khan.md,3b095b70be8363d07fec0b97db5325121abb69d4b5efcdb3231f322899dc156a,2026-09-17T09:10:48.037729+00:00
https://cse.bracu.ac.bd/faculty_profile/149/ms_mehnaz_seraj,Ms. Mehnaz Seraj - BRACU CSE,programs,2,webpage,200,output/pages/cse_bracu_ac_bd__faculty_profile_149_ms_mehnaz_seraj.md,4b9edcb9640bc173648c60e75333bf62314cf4e766da864367eb7c6678d15afb,2026-09-17T09:10:51.646472+00:00
https://cse.bracu.ac.bd/faculty_profile/153/najeefa_nikhat_choudhury,Najeefa Nikhat Choudhury - BRACU CSE,programs,4,webpage,200,output/pages/cse_bracu_ac_bd__faculty_profile_153_najeefa_nikhat_choudhury.md,622688cf7649c5a7502846598ce91e22a83679006ef7192827e489558c40be38,2026-09-17T09:10:55.290412+00:00
https://cse.bracu.ac.bd/faculty_profile/405/mahrin_tasfe,Mahrin Tasfe - BRACU CSE,programs,3,webpage,200,output/pages/cse_bracu_ac_bd__faculty_profile_405_mahrin_tasfe.md,dafce679d3798a29eddf1761a3b4f7f372d96ff0172b4e01e50e6f39cf7790c3,2026-09-17T09:10:58.938039+00:00
https://cse.bracu.ac.bd/faculty_profile/43/mr_md_tanzim_reza,Mr. Md. Tanzim Reza - BRACU CSE,programs,2,webpage,200,output/pages/cse_bracu_ac_bd__faculty_profile_43_mr_md_tanzim_reza.md,7f40cced9a74aa88f55ba98ced63406c9f2488ab777bacd8d498b2b39c750877,2026-09-17T09:11:02.512276+00:00
https://cse.bracu.ac.bd/faculty_profile/26/ms_tasnim_ferdous,Ms. Tasnim Ferdous - BRACU CSE,programs,4,webpage,200,output/pages/cse_bracu_ac_bd__faculty_profile_26_ms_tasnim_ferdous.md,02eb3fbd37ba50d26fc60754f9b768c89b8fa63a772df484b296cd0cb594ee8e,2026-09-17T09:11:06.348531+00:00
https://cse.bracu.ac.bd/faculty_profile/63/dewan_ziaul_karim,Dewan Ziaul Karim - BRACU CSE,programs,8,webpage,200,output/pages/cse_bracu_ac_bd__faculty_profile_63_dewan_ziaul_karim.md,d5f5e8b593eeac96c4337cb10cd985b0fb0638b7669bd0ef6b584771bc029827,2026-09-17T09:11:11.071115+00:00
https://cse.bracu.ac.bd/faculty_profile/21/arif_shakil,Arif Shakil - BRACU CSE,programs,5,webpage,200,output/pages/cse_bracu_ac_bd__faculty_profile_21_arif_shakil.md,54cf04f80f09ab86b2bde125e658df50a0c8d6f84141791ee6e096c7eb64ddbe,2026-09-17T09:11:14.698897+00:00
https://cse.bracu.ac.bd/faculty_profile/55/mr_syed_zamil_hasan_shoumo,Mr. Syed Zamil Hasan Shoumo - BRACU CSE,programs,2,webpage,200,output/pages/cse_bracu_ac_bd__faculty_profile_55_mr_syed_zamil_hasan_shoumo.md,690b9176b8e8de90a8d2d4ff220e0f34f826efcc369a2ce8fbcd6b32ac925acd,2026-09-17T09:11:18.270119+00:00
https://cse.bracu.ac.bd/faculty_profile/62/mr_rafeed_rahman,Mr. Rafeed Rahman - BRACU CSE,programs,2,webpage,200,output/pages/cse_bracu_ac_bd__faculty_profile_62_mr_rafeed_rahman.md,3514ff103d2ff9ad94256d61b4b346d931a36087001741b415ef32e652cd0591,2026-09-17T09:11:21.916416+00:00
https://cse.bracu.ac.bd/faculty_profile/184/md_saiful_bari_siddiqui,Md. Saiful Bari Siddiqui - BRACU CSE,programs,4,webpage,200,output/pages/cse_bracu_ac_bd__faculty_profile_184_md_saiful_bari_siddiqui.md,9cc5f16a8c5a68cfa42ed9f148bf1706804a683bfc5ab3f3f6e7db1695016252,2026-09-17T09:11:25.797456+00:00
https://cse.bracu.ac.bd/faculty_profile/409/niaz_ashraf_khan,Niaz Ashraf Khan - BRACU CSE,programs,4,webpage,200,output/pages/cse_bracu_ac_bd__faculty_profile_409_niaz_ashraf_khan.md,835a5f7eeffc27294ccbf1d8cc12288bd0be23fcc71d7c6205eebe478db36376,2026-09-17T09:11:29.533461+00:00
https://cse.bracu.ac.bd/faculty_profile/93/mr_md_aquib_azmain,Mr. Md. Aquib Azmain - BRACU CSE,programs,4,webpage,200,output/pages/cse_bracu_ac_bd__faculty_profile_93_mr_md_aquib_azmain.md,b021a397839b9878915b34d8ba0f196ef0d373504aa701e2e965026bdcd83349,2026-09-17T09:11:33.269308+00:00
https://cse.bracu.ac.bd/faculty_profile/148/muhammad_abdur_rahman,Muhammad Abdur Rahman - BRACU CSE,programs,2,webpage,200,output/pages/cse_bracu_ac_bd__faculty_profile_148_muhammad_abdur_rahman.md,683d71d265ff9d78e18d904f375349a23149fa8bcae7342305cabc954ad9e990,2026-09-17T09:11:36.876727+00:00
https://cse.bracu.ac.bd/faculty_profile/54/md_sabbir_ahmed,Md. Sabbir Ahmed - BRACU CSE,programs,5,webpage,200,output/pages/cse_bracu_ac_bd__faculty_profile_54_md_sabbir_ahmed.md,2b8c09c82338bef9f99ce667d2ab61f5ceffbb7f5a6232f0678fbc13efd53032,2026-09-17T09:11:41.148319+00:00
https://cse.bracu.ac.bd/faculty_profile/89/mr_dibyo_fabian_dofadar,Mr. Dibyo Fabian Dofadar - BRACU CSE,programs,4,webpage,200,output/pages/cse_bracu_ac_bd__faculty_profile_89_mr_dibyo_fabian_dofadar.md,a1a5c90f2c66e79625e102ca7e26a2dd7b29aead15335529815eb59e7f43de07,2026-09-17T09:11:44.860317+00:00
https://cse.bracu.ac.bd/faculty_profile/86/mr_zaber_mohammad,Mr. Zaber Mohammad - BRACU CSE,programs,3,webpage,200,output/pages/cse_bracu_ac_bd__faculty_profile_86_mr_zaber_mohammad.md,218684de0873af8080fa3b82bf7022fea018d26afaa8bbab2e6f30b609eeca63,2026-09-17T09:11:48.568305+00:00
https://cse.bracu.ac.bd/faculty_profile/510/md_arif_hasan,Md Arif Hasan - BRACU CSE,programs,5,webpage,200,output/pages/cse_bracu_ac_bd__faculty_profile_510_md_arif_hasan.md,b567383c4b5bad932a28b4c31f66cb93194863c213c51137e148eaba3875fc89,2026-09-17T09:11:52.535377+00:00
https://cse.bracu.ac.bd/faculty_profile/507/ashraful_islam_shanto_sikder,Ashraful Islam Shanto Sikder - BRACU CSE,programs,4,webpage,200,output/pages/cse_bracu_ac_bd__faculty_profile_507_ashraful_islam_shanto_sikder.md,16c1da9579b656d79319d58d5f6f538210fdf6d30d300199e1439d94ab40b32b,2026-09-17T09:11:56.194560+00:00
https://cse.bracu.ac.bd/faculty_profile/511/mohammad_naveed_hossain,Mohammad Naveed Hossain - BRACU CSE,programs,1,webpage,200,output/pages/cse_bracu_ac_bd__faculty_profile_511_mohammad_naveed_hossain.md,0bf608d5411c00e2007add827c2953ea92fd40b197104c8725445b74e5514dcd,2026-09-17T09:11:59.960310+00:00
https://cse.bracu.ac.bd/faculty_profile/509/nazmus_sakib_ahmed,Nazmus Sakib Ahmed - BRACU CSE,programs,2,webpage,200,output/pages/cse_bracu_ac_bd__faculty_profile_509_nazmus_sakib_ahmed.md,3cf331f76e777d0952f8ab099d4a38bb571bf7b77be88ff326df5f5117af4382,2026-09-17T09:12:03.522088+00:00
https://cse.bracu.ac.bd/faculty_profile/512/wahida_mahjabin,Wahida Mahjabin - BRACU CSE,programs,2,webpage,200,output/pages/cse_bracu_ac_bd__faculty_profile_512_wahida_mahjabin.md,430aa0d571128e1052d4d1740725b352d719930f0e01aa2583421d18c6139273,2026-09-17T09:12:07.119274+00:00
https://cse.bracu.ac.bd/faculty_profile/34/shoaib_ahmed_dipu,Shoaib Ahmed Dipu - BRACU CSE,programs,4,webpage,200,output/pages/cse_bracu_ac_bd__faculty_profile_34_shoaib_ahmed_dipu.md,f4539fbfbef12303859b30e7534f2e22822318e2614d83e07a57fbd905a3d493,2026-09-17T09:12:10.790603+00:00
https://cse.bracu.ac.bd/faculty_profile/489/samiur_rahman,Samiur Rahman - BRACU CSE,programs,4,webpage,200,output/pages/cse_bracu_ac_bd__faculty_profile_489_samiur_rahman.md,e15be67aa134d5ed1a308b2f59fd8953a1694d49d3cbf524f6d0548dcc3ce948,2026-09-17T09:12:14.425605+00:00
https://cse.bracu.ac.bd/faculty_profile/160/adrita_hossain_nakshi,Adrita Hossain Nakshi - BRACU CSE,programs,6,webpage,200,output/pages/cse_bracu_ac_bd__faculty_profile_160_adrita_hossain_nakshi.md,800cf35c21530410316be15f1b7854cec3f14c4fe59fc7155ac8e1d178b9baf9,2026-09-17T09:12:18.038940+00:00
https://cse.bracu.ac.bd/faculty_profile/168/ahmed_mahir_ruhan,Ahmed Mahir Ruhan - BRACU CSE,programs,3,webpage,200,output/pages/cse_bracu_ac_bd__faculty_profile_168_ahmed_mahir_ruhan.md,727715e255dc0ce38db109467e21f5c68ee482c49e3d05738ae2c0600e9e39e9,2026-09-17T09:12:21.646984+00:00
https://cse.bracu.ac.bd/faculty_profile/440/bijoy_ahmed_saiem,Bijoy Ahmed Saiem - BRACU CSE,programs,3,webpage,200,output/pages/cse_bracu_ac_bd__faculty_profile_440_bijoy_ahmed_saiem.md,e72f744d9d4c8bbe0adc20ca295a21b021783c1b83e5af3ba5cf7e7f4092f4b3,2026-09-17T09:12:25.386459+00:00
https://cse.bracu.ac.bd/faculty_profile/238/afroza_akther,Afroza Akther - BRACU CSE,programs,3,webpage,200,output/pages/cse_bracu_ac_bd__faculty_profile_238_afroza_akther.md,e541255249878dc162e9cbff977361e2d56a0ccc010712b508d12cda23c9c240,2026-09-17T09:12:28.943026+00:00
https://cse.bracu.ac.bd/faculty_profile/434/md_nafiu_rahman,Md Nafiu Rahman - BRACU CSE,programs,3,webpage,200,output/pages/cse_bracu_ac_bd__faculty_profile_434_md_nafiu_rahman.md,ab21850f256525fe5f83a551bceaa4894823e24faffd6a2f931869a4968b4a28,2026-09-17T09:12:32.534689+00:00
https://cse.bracu.ac.bd/faculty_profile/161/mr_ankan_ghosh_dastider,Mr. Ankan Ghosh Dastider - BRACU CSE,programs,3,webpage,200,output/pages/cse_bracu_ac_bd__faculty_profile_161_mr_ankan_ghosh_dastider.md,254dc719a2174a40b8e1d23c205174c176725b02fe5259c6751ffafec6b02e8d,2026-09-17T09:12:36.263364+00:00
https://cse.bracu.ac.bd/faculty_profile/450/nazmus_sakib_touhid,Nazmus Sakib Touhid - BRACU CSE,programs,2,webpage,200,output/pages/cse_bracu_ac_bd__faculty_profile_450_nazmus_sakib_touhid.md,e6fc97e57623823d9eb60b2eda428dad15f9e2f4e7d5e1bb16e071ae2b058cf8,2026-09-17T09:12:39.892186+00:00
https://cse.bracu.ac.bd/faculty_profile/102/aroni_ghosh,Aroni Ghosh - BRACU CSE,programs,2,webpage,200,output/pages/cse_bracu_ac_bd__faculty_profile_102_aroni_ghosh.md,096661615d1ecbc08dcefe4e8ef86f907fd12c186de7e086ccc644911bdbd917,2026-09-17T09:12:43.503410+00:00
https://cse.bracu.ac.bd/faculty_profile/478/ittehad_saleh_chowdhury,Ittehad Saleh Chowdhury - BRACU CSE,programs,3,webpage,200,output/pages/cse_bracu_ac_bd__faculty_profile_478_ittehad_saleh_chowdhury.md,c0f9f0ea8bf9dcb1b13589f9190b7a8de8b468aaf2aafea61bdce3c716347fc1,2026-09-17T09:12:47.076929+00:00
https://cse.bracu.ac.bd/faculty_profile/342/md_asif_haider,Md. Asif Haider - BRACU CSE,programs,4,webpage,200,output/pages/cse_bracu_ac_bd__faculty_profile_342_md_asif_haider.md,2e297b82e2df41a91a837d48ef7a37eb334570b8691bb006bfd7b898098a9a0b,2026-09-17T09:12:50.805298+00:00
https://cse.bracu.ac.bd/faculty_profile/443/soumya_swagata_biswas,Soumya Swagata Biswas - BRACU CSE,programs,4,webpage,200,output/pages/cse_bracu_ac_bd__faculty_profile_443_soumya_swagata_biswas.md,44f085fa483dda1f13e05d352266b6cb0283e6a14d2a241e43fbb9393cc706bf,2026-09-17T09:12:54.579166+00:00
https://cse.bracu.ac.bd/faculty_profile/82/md_ahasanul_alam,Md. Ahasanul Alam - BRACU CSE,programs,4,webpage,200,output/pages/cse_bracu_ac_bd__faculty_profile_82_md_ahasanul_alam.md,22f3e18d741f27a4de73d145e0ad7d63a0a6858f8d5ecdafef599983cb46f6a5,2026-09-17T09:12:58.143636+00:00
https://cse.bracu.ac.bd/faculty_profile/105/md_abu_ibrahim_(_iqra_),Md Abu Ibrahim ( Iqra ) - BRACU CSE,programs,3,webpage,200,output/pages/cse_bracu_ac_bd__faculty_profile_105_md_abu_ibrahim___iqra.md,88372c1d11d2c9f8e4a8b9762a333b7234aeec6dac8fee83ef9b19391548a181,2026-09-17T09:13:01.810577+00:00
https://cse.bracu.ac.bd/faculty_profile/100/mr_abid_jahan_apon,Mr. Abid Jahan Apon - BRACU CSE,programs,3,webpage,200,output/pages/cse_bracu_ac_bd__faculty_profile_100_mr_abid_jahan_apon.md,cfce78a575a4a01931918952aa4204f1d6f50392c7d495d4fb25453b815b31b4,2026-09-17T09:13:05.401551+00:00
https://cse.bracu.ac.bd/faculty_profile/104/mr_abdullah_al_nakib,Mr. Abdullah Al Nakib - BRACU CSE,programs,4,webpage,200,output/pages/cse_bracu_ac_bd__faculty_profile_104_mr_abdullah_al_nakib.md,eeb72485224da6afe536d3b083e284e66674223cff26a78a99f74538ebb702ab,2026-09-17T09:13:09.081038+00:00
https://cse.bracu.ac.bd/faculty_profile/94/ahashan_habib_niloy,Ahashan Habib Niloy - BRACU CSE,programs,4,webpage,200,output/pages/cse_bracu_ac_bd__faculty_profile_94_ahashan_habib_niloy.md,d0b8a3c13b8b0e1c900c4067d7d70727ea5c03d45bc07f6d8697f2a12cc78b71,2026-09-17T09:13:12.707151+00:00
https://cse.bracu.ac.bd/faculty_profile/286/anika_priodorshinee_mrittika,Anika Priodorshinee Mrittika - BRACU CSE,programs,4,webpage,200,output/pages/cse_bracu_ac_bd__faculty_profile_286_anika_priodorshinee_mrittika.md,de64c13cde42c540c9d4bf09925c98109bb558016eed7bd58e7815f7adad6d9c,2026-09-17T09:13:16.420231+00:00
https://cse.bracu.ac.bd/faculty_profile/349/aniqa_tabassum,Aniqa Tabassum - BRACU CSE,programs,2,webpage,200,output/pages/cse_bracu_ac_bd__faculty_profile_349_aniqa_tabassum.md,a4cec282ddac2a0359fb2b8d24eef1ccdf1c73317feb46bf094a6e5053f37121,2026-09-17T09:13:20.000781+00:00
https://cse.bracu.ac.bd/faculty_profile/120/ayman_rasheed,Ayman Rasheed - BRACU CSE,programs,4,webpage,200,output/pages/cse_bracu_ac_bd__faculty_profile_120_ayman_rasheed.md,497ede86a2740a072829ae3f1505295d9fb27f96377300224478ba7cdee82e87,2026-09-17T09:13:23.719928+00:00
https://cse.bracu.ac.bd/faculty_profile/222/atanu_roy,Atanu Roy - BRACU CSE,programs,3,webpage,200,output/pages/cse_bracu_ac_bd__faculty_profile_222_atanu_roy.md,d1c811728c7df2f07fd9872afa498bcb291de6c8230af946bc5dbd69f1914778,2026-09-17T09:13:27.321294+00:00
https://cse.bracu.ac.bd/faculty_profile/304/mohammed_ashfaqul_haque,Mohammed Ashfaqul Haque - BRACU CSE,programs,4,webpage,200,output/pages/cse_bracu_ac_bd__faculty_profile_304_mohammed_ashfaqul_haque.md,7d42115ecd16c162c03660f84253b16e210849f97c8d5ec09035a650dc12c212,2026-09-17T09:13:31.112645+00:00
https://cse.bracu.ac.bd/faculty_profile/270/ateya_ahmed_subarna,Ateya Ahmed Subarna - BRACU CSE,programs,2,webpage,200,output/pages/cse_bracu_ac_bd__faculty_profile_270_ateya_ahmed_subarna.md,e336fd2d0696edfd63f61e68b52c4020f154469a8e0c1dbb23de2249338f5606,2026-09-17T09:13:34.682447+00:00
https://cse.bracu.ac.bd/faculty_profile/485/faria_binta_awal,Faria Binta Awal - BRACU CSE,programs,4,webpage,200,output/pages/cse_bracu_ac_bd__faculty_profile_485_faria_binta_awal.md,aa21dd7001d2968287ca4f610b0bf489f3afde6d73af5f44512351be241eedc4,2026-09-17T09:13:38.419463+00:00
https://cse.bracu.ac.bd/faculty_profile/107/avinandan_banerjee,Avinandan Banerjee - BRACU CSE,programs,5,webpage,200,output/pages/cse_bracu_ac_bd__faculty_profile_107_avinandan_banerjee.md,616c7465622681a99c4936b2781ffd062e83b48bcb7cdcf75121e6504c0783ce,2026-09-17T09:13:44.823141+00:00
https://cse.bracu.ac.bd/faculty_profile/305/ariyan_hossain,Ariyan Hossain - BRACU CSE,programs,4,webpage,200,output/pages/cse_bracu_ac_bd__faculty_profile_305_ariyan_hossain.md,648f4d8d2ce3cca13e22b8e2cb26b7ec2a6a4032939532bde574c9a0f3e99cf4,2026-09-17T09:13:56.386906+00:00
https://cse.bracu.ac.bd/faculty_profile/312/mohammad_badrul_hossain,Mohammad Badrul Hossain - BRACU CSE,programs,2,webpage,200,output/pages/cse_bracu_ac_bd__faculty_profile_312_mohammad_badrul_hossain.md,5e9cdcb2284be8f04d421b4323fcc79d18cac5e00ea35274d585ada9504d62d4,2026-09-17T09:14:00.027119+00:00
https://cse.bracu.ac.bd/faculty_profile/266/ehtashamul_haque,Ehtashamul Haque - BRACU CSE,programs,4,webpage,200,output/pages/cse_bracu_ac_bd__faculty_profile_266_ehtashamul_haque.md,bf023fa7bc798782a416b26e713631c49407594cf72b66bae57ee239184ebb28,2026-09-17T09:14:03.633984+00:00
https://cse.bracu.ac.bd/faculty_profile/227/md_fatin_ishraq_faruqui,Md. Fatin Ishraq Faruqui - BRACU CSE,programs,2,webpage,200,output/pages/cse_bracu_ac_bd__faculty_profile_227_md_fatin_ishraq_faruqui.md,d1015cb0cce55cce889d6366fdcfe9c155ba29ab4197883e7dd99a08eda0082e,2026-09-17T09:14:07.259826+00:00
https://cse.bracu.ac.bd/faculty_profile/46/md_fakhruddin_gazzali,Md. Fakhruddin Gazzali - BRACU CSE,programs,6,webpage,200,output/pages/cse_bracu_ac_bd__faculty_profile_46_md_fakhruddin_gazzali.md,fa75dc48c583d4d244c260a1c441ae17568ff731f06fb7a2e42e45ce10bf648b,2026-09-17T09:14:11.007337+00:00
https://cse.bracu.ac.bd/faculty_profile/195/mr_farhan_feroz,Mr. Farhan Feroz - BRACU CSE,programs,3,webpage,200,output/pages/cse_bracu_ac_bd__faculty_profile_195_mr_farhan_feroz.md,b722cc5f68de7fd2b799b3b9b575f48974469cafc52764c586a0d83c65d76b55,2026-09-17T09:14:14.692686+00:00
https://cse.bracu.ac.bd/faculty_profile/301/fatiha_ishrar_chowdhury,Fatiha Ishrar Chowdhury - BRACU CSE,programs,2,webpage,200,output/pages/cse_bracu_ac_bd__faculty_profile_301_fatiha_ishrar_chowdhury.md,bb3b3009e0d4981fc6c458da7ff4fc4276c32b74af8b6c70524b8152fc5ae576,2026-09-17T09:14:18.240862+00:00
https://cse.bracu.ac.bd/faculty_profile/16/md_faisal_ahmed,Md Faisal Ahmed - BRACU CSE,programs,2,webpage,200,output/pages/cse_bracu_ac_bd__faculty_profile_16_md_faisal_ahmed.md,deda970bb31485e49019e9af7a79d94f66d05d061d48b465f890ed10043cb710,2026-09-17T09:14:22.001380+00:00
https://cse.bracu.ac.bd/faculty_profile/255/fardin_zubair_nafis,Fardin Zubair Nafis - BRACU CSE,programs,2,webpage,200,output/pages/cse_bracu_ac_bd__faculty_profile_255_fardin_zubair_nafis.md,39452f7f6101ee0eaa9e5ffee72233c7ee08382d2f490fa4b74f4aa1f47f6c35,2026-09-17T09:14:25.588757+00:00
https://cse.bracu.ac.bd/faculty_profile/496/tanhiat_fatema_afnan,Tanhiat Fatema Afnan - BRACU CSE,programs,2,webpage,200,output/pages/cse_bracu_ac_bd__faculty_profile_496_tanhiat_fatema_afnan.md,e1e46a610a1352f40bcab3b81444be7dbdcce5e580feb692b4dcba306e477c0a,2026-09-17T09:14:29.140789+00:00
https://cse.bracu.ac.bd/faculty_profile/454/majisha_jahan_disha,Majisha Jahan Disha - BRACU CSE,programs,2,webpage,200,output/pages/cse_bracu_ac_bd__faculty_profile_454_majisha_jahan_disha.md,d4f448230ae746ceb7994e67326907c098b18369aa2024ad3e271bbf0aaf6135,2026-09-17T09:14:32.947511+00:00
https://cse.bracu.ac.bd/faculty_profile/259/ipshita_bonhi_upoma,Ipshita Bonhi Upoma - BRACU CSE,programs,5,webpage,200,output/pages/cse_bracu_ac_bd__faculty_profile_259_ipshita_bonhi_upoma.md,aa0dfa695ec2eaf3f77a680fd2af2a2ae88a0cdba2af4b82a88b03493bd768b4,2026-09-17T09:14:36.610011+00:00
https://cse.bracu.ac.bd/faculty_profile/438/abdullah_nayem_wasi_emran,Abdullah Nayem Wasi Emran - BRACU CSE,programs,3,webpage,200,output/pages/cse_bracu_ac_bd__faculty_profile_438_abdullah_nayem_wasi_emran.md,dfb0393f70f0e3d04861ec6254a7f53fd9d9a9fbf4f19ce8dc26e969f65f8ba9,2026-09-17T09:14:40.306529+00:00
https://cse.bracu.ac.bd/faculty_profile/462/ahmad_farhan_shahriar_chowdhury,Ahmad Farhan Shahriar Chowdhury - BRACU CSE,programs,3,webpage,200,output/pages/cse_bracu_ac_bd__faculty_profile_462_ahmad_farhan_shahriar_chowdhury.md,a383a8c6339b18737294273f28fe295dc5c99f3075ec8712fdd254c3e739a4b3,2026-09-17T09:14:43.922734+00:00
https://cse.bracu.ac.bd/faculty_profile/162/imam_mohammad_zulkarnain,Imam Mohammad Zulkarnain - BRACU CSE,programs,6,webpage,200,output/pages/cse_bracu_ac_bd__faculty_profile_162_imam_mohammad_zulkarnain.md,b98c0bd398d7490d212831394268dfc298e07d03bbf498afb8ffc8075b97362c,2026-09-17T09:14:47.469249+00:00
https://cse.bracu.ac.bd/faculty_profile/458/md_rifat_rahman,Md. Rifat Rahman - BRACU CSE,programs,2,webpage,200,output/pages/cse_bracu_ac_bd__faculty_profile_458_md_rifat_rahman.md,d57717ab1863b650f6c60853cd0fbb5a73cf9ffbf85b3317129b8a2f64c22b2d,2026-09-17T09:14:51.068858+00:00
https://cse.bracu.ac.bd/faculty_profile/57/jawaril_munshad_abedin,Jawaril Munshad Abedin - BRACU CSE,programs,3,webpage,200,output/pages/cse_bracu_ac_bd__faculty_profile_57_jawaril_munshad_abedin.md,b371359ae9a340df8832369b0d3e266f1d84b1627144f0ae85349c4869fc9764,2026-09-17T09:14:54.753947+00:00
https://cse.bracu.ac.bd/faculty_profile/461/md_zulkar_naim,Md. Zulkar Naim - BRACU CSE,programs,2,webpage,200,output/pages/cse_bracu_ac_bd__faculty_profile_461_md_zulkar_naim.md,bcc078c506d22cb14a43440a960a204e94226a95d82b1c30c14d1048cc7c1843,2026-09-17T09:14:58.355752+00:00
https://cse.bracu.ac.bd/faculty_profile/87/jishnu_mahmud,Jishnu Mahmud - BRACU CSE,programs,4,webpage,200,output/pages/cse_bracu_ac_bd__faculty_profile_87_jishnu_mahmud.md,ac40379d99c3e03419dde0ad9ba7e80a50ddf888274319c2e67fb7c257f73836,2026-09-17T09:15:02.077048+00:00
https://cse.bracu.ac.bd/faculty_profile/231/md_khaliduzzaman_khan_samrat,Md. Khaliduzzaman Khan Samrat - BRACU CSE,programs,5,webpage,200,output/pages/cse_bracu_ac_bd__faculty_profile_231_md_khaliduzzaman_khan_samrat.md,139889ac6b709f7fdb24c0d206609b15ee80c675c2faf7720dd1531a2b3f7111,2026-09-17T09:15:05.709135+00:00
https://cse.bracu.ac.bd/faculty_profile/23/ms_khondoker_nazia_iqbal,Ms. Khondoker Nazia Iqbal - BRACU CSE,programs,6,webpage,200,output/pages/cse_bracu_ac_bd__faculty_profile_23_ms_khondoker_nazia_iqbal.md,e37fc400d5b908c4064c1b05f2a0b86dabbd9d3931df1ee6b29fce7b559d3df6,2026-09-17T09:15:09.355633+00:00
https://cse.bracu.ac.bd/faculty_profile/407/kazi_kamruzzaman_rabbi,Kazi Kamruzzaman Rabbi - BRACU CSE,programs,3,webpage,200,output/pages/cse_bracu_ac_bd__faculty_profile_407_kazi_kamruzzaman_rabbi.md,26f8f694e474a20e9aebaf2fce48d09fad6c6f46adf134641e1bf6e859194dee,2026-09-17T09:15:13.095977+00:00
https://cse.bracu.ac.bd/faculty_profile/221/labib_hasan_khan,Labib Hasan Khan - BRACU CSE,programs,3,webpage,200,output/pages/cse_bracu_ac_bd__faculty_profile_221_labib_hasan_khan.md,449588b9c4d28a3e3c56e2d075aa449745ce7defd41705690537b7d07ab94125,2026-09-17T09:15:16.899642+00:00
https://cse.bracu.ac.bd/faculty_profile/173/marshia_nujhat,Marshia Nujhat - BRACU CSE,programs,3,webpage,200,output/pages/cse_bracu_ac_bd__faculty_profile_173_marshia_nujhat.md,c69a6ce346b050d1b09bb283acfbd5b01f383dd70ce3bff4c956c94f014be72d,2026-09-17T09:15:20.558611+00:00
https://cse.bracu.ac.bd/faculty_profile/47/mohammad_fahim,Mohammad Fahim - BRACU CSE,programs,4,webpage,200,output/pages/cse_bracu_ac_bd__faculty_profile_47_mohammad_fahim.md,96cdf356056a4f9b7b8343a2bade685af49a27dd4c34814ce7502d37bc0d9d36,2026-09-17T09:15:24.308980+00:00
https://cse.bracu.ac.bd/faculty_profile/260/mehedi_hasan_emo,Mehedi Hasan Emo - BRACU CSE,programs,3,webpage,200,output/pages/cse_bracu_ac_bd__faculty_profile_260_mehedi_hasan_emo.md,ecbb6b1ccd1a9dcd8d37adc476fd94087ef433a6748a58c90257ea5be029d8ad,2026-09-17T09:15:28.046093+00:00
https://cse.bracu.ac.bd/faculty_profile/52/md_jahin_alam,Md. Jahin Alam - BRACU CSE,programs,3,webpage,200,output/pages/cse_bracu_ac_bd__faculty_profile_52_md_jahin_alam.md,e91841b2963c61032d16f80a25e612c8f9418196fc2b3449e7378a3d4403db4a,2026-09-17T09:15:32.057555+00:00
https://cse.bracu.ac.bd/faculty_profile/228/anindita_labonno,Anindita Labonno - BRACU CSE,programs,3,webpage,200,output/pages/cse_bracu_ac_bd__faculty_profile_228_anindita_labonno.md,d3d62e77d090f481b77f12cc35ffb6c35b80e796582ae618eddad19864f06b3b,2026-09-17T09:15:35.962130+00:00
https://cse.bracu.ac.bd/faculty_profile/114/meem_arafat_manab,Meem Arafat Manab - BRACU CSE,programs,4,webpage,200,output/pages/cse_bracu_ac_bd__faculty_profile_114_meem_arafat_manab.md,60b6ed39c2589ff01b553832039e67b34cce211f0c10d48b438139057492ab7f,2026-09-17T09:15:50.275844+00:00
https://cse.bracu.ac.bd/faculty_profile/236/mushfique_nasir_probor,Mushfique Nasir Probor - BRACU CSE,programs,2,webpage,200,output/pages/cse_bracu_ac_bd__faculty_profile_236_mushfique_nasir_probor.md,b0561c00657c02254d7895e7f558abb8129c8da52822dd21eb6915c3c58959bc,2026-09-17T09:15:53.937094+00:00
https://cse.bracu.ac.bd/faculty_profile/297/mohammad_nuwaisir_rahman,Mohammad Nuwaisir Rahman - BRACU CSE,programs,3,webpage,200,output/pages/cse_bracu_ac_bd__faculty_profile_297_mohammad_nuwaisir_rahman.md,aae474f67f151c5f8616945ff0d0c012afd20aa32d68b3bcdeba44dd4b19e4d7,2026-09-17T09:15:57.621003+00:00
https://cse.bracu.ac.bd/faculty_profile/121/md_moynul_asik_moni,Md. Moynul Asik Moni - BRACU CSE,programs,4,webpage,200,output/pages/cse_bracu_ac_bd__faculty_profile_121_md_moynul_asik_moni.md,65730767190361066135cb891a9c9ee11a4b584de95ee28172c23d411e9c9328,2026-09-17T09:16:01.313602+00:00
https://cse.bracu.ac.bd/faculty_profile/116/mir_sayeed_mohammad,Mir Sayeed Mohammad - BRACU CSE,programs,3,webpage,200,output/pages/cse_bracu_ac_bd__faculty_profile_116_mir_sayeed_mohammad.md,aea5b1067e0578279ed90ab6b257242bbf6b4b24c9b606397da870acc6920d82,2026-09-17T09:16:05.044123+00:00
https://cse.bracu.ac.bd/faculty_profile/215/mr_md_shamim_mia,Mr. Md. Shamim Mia - BRACU CSE,programs,3,webpage,200,output/pages/cse_bracu_ac_bd__faculty_profile_215_mr_md_shamim_mia.md,cd74c1a92b8e043440d8267c9e39684567a5de9d97db83d269a274960f0e30f5,2026-09-17T09:16:08.800860+00:00
https://cse.bracu.ac.bd/faculty_profile/212/a_b_m_muntasir_rahman,A B M Muntasir Rahman - BRACU CSE,programs,4,webpage,200,output/pages/cse_bracu_ac_bd__faculty_profile_212_a_b_m_muntasir_rahman.md,6fa0880fda78a439024616a8aeec548ad28f8434c269e491ac62b008b2984fae,2026-09-17T09:16:12.478650+00:00
https://cse.bracu.ac.bd/faculty_profile/302/munshi_sanowar_raihan,Munshi Sanowar Raihan - BRACU CSE,programs,6,webpage,200,output/pages/cse_bracu_ac_bd__faculty_profile_302_munshi_sanowar_raihan.md,117a81305778bced833b654bdf44c023c3e7324bde04b3146d8b0b9bfefad6fb,2026-09-17T09:16:16.041618+00:00
https://cse.bracu.ac.bd/faculty_profile/178/mr_mohammad_zahidul_hasan,Mr. Mohammad Zahidul Hasan - BRACU CSE,programs,6,webpage,200,output/pages/cse_bracu_ac_bd__faculty_profile_178_mr_mohammad_zahidul_hasan.md,7f2512a1b6f410002bb1a90e08e106bb8d6fcf127c8f1032b1900e61a72a666e,2026-09-17T09:16:19.543120+00:00
https://cse.bracu.ac.bd/faculty_profile/128/mr_atm_mizanur_rahman,Mr. A.T.M Mizanur Rahman - BRACU CSE,programs,6,webpage,200,output/pages/cse_bracu_ac_bd__faculty_profile_128_mr_atm_mizanur_rahman.md,63f5cc1ef5b01d5698102a99033abb27c067924505cfcd7271ef4062be36b5bc,2026-09-17T09:16:23.216892+00:00
https://cse.bracu.ac.bd/faculty_profile/315/nirjhor_datta,NIRJHOR DATTA - BRACU CSE,programs,2,webpage,200,output/pages/cse_bracu_ac_bd__faculty_profile_315_nirjhor_datta.md,1e57e65ec086267e0a80d8530c0650cc55db9364b7e68888b794e56f9227742f,2026-09-17T09:16:26.858158+00:00
https://cse.bracu.ac.bd/faculty_profile/278/niloy_farhan,Niloy Farhan - BRACU CSE,programs,4,webpage,200,output/pages/cse_bracu_ac_bd__faculty_profile_278_niloy_farhan.md,94a3666ffe8c383395c7b7807cb69a279f7b7c42636e1e567006e0756d1f741c,2026-09-17T09:16:30.452070+00:00
https://cse.bracu.ac.bd/faculty_profile/79/niloy_irtisam,Niloy Irtisam - BRACU CSE,programs,3,webpage,200,output/pages/cse_bracu_ac_bd__faculty_profile_79_niloy_irtisam.md,24657aaaf881544de4ecd244280640a7fe98830b9c72f57c94fb5d7ce72db406,2026-09-17T09:16:34.044465+00:00
https://cse.bracu.ac.bd/faculty_profile/190/ms_narzu_tarannum,Ms. Narzu Tarannum - BRACU CSE,programs,3,webpage,200,output/pages/cse_bracu_ac_bd__faculty_profile_190_ms_narzu_tarannum.md,fdb724b12f9713f78365c4e50821d9e2b989fd6d112b6bff6bf8e42a3106e475,2026-09-17T09:16:37.725059+00:00
https://cse.bracu.ac.bd/faculty_profile/60/mr_nabuat_zaman_nahim,Mr. Nabuat Zaman Nahim - BRACU CSE,programs,6,webpage,200,output/pages/cse_bracu_ac_bd__faculty_profile_60_mr_nabuat_zaman_nahim.md,f047d13d120ccfe46be0d14bd6c26ade00a41caa5e8d9a112f5589a35ae80234,2026-09-17T09:16:41.256759+00:00
https://cse.bracu.ac.bd/faculty_profile/303/nazmul_islam,Nazmul Islam - BRACU CSE,programs,2,webpage,200,output/pages/cse_bracu_ac_bd__faculty_profile_303_nazmul_islam.md,e4efb771e6ffafb688654c09adbb3bfa70f6d3b786e44890fee2a06e1da9731d,2026-09-17T09:16:44.844605+00:00
https://cse.bracu.ac.bd/faculty_profile/36/partha_bhoumik,Partha Bhoumik - BRACU CSE,programs,2,webpage,200,output/pages/cse_bracu_ac_bd__faculty_profile_36_partha_bhoumik.md,c410348b0c5bd9cc6699d78ea06c041d983249187a686858f905b450a6b32344,2026-09-17T09:16:48.570049+00:00
https://cse.bracu.ac.bd/faculty_profile/88/mr_purbayan_das,Mr. Purbayan Das - BRACU CSE,programs,3,webpage,200,output/pages/cse_bracu_ac_bd__faculty_profile_88_mr_purbayan_das.md,1fefb8e95bb4193abdd3f980e9e12fbe7718bb5d1b15cd7814a8000caf97c96a,2026-09-17T09:16:52.597554+00:00
https://cse.bracu.ac.bd/faculty_profile/129/prantik_paul,Prantik Paul - BRACU CSE,programs,6,webpage,200,output/pages/cse_bracu_ac_bd__faculty_profile_129_prantik_paul.md,1e22d6573d0cb2c27cc92a6de896b90a49d1ebee3b0a9f2e00d02fb8b5c1d83d,2026-09-17T09:16:56.670173+00:00
https://cse.bracu.ac.bd/faculty_profile/420/atonu_roy_chowdhury,Atonu Roy Chowdhury - BRACU CSE,programs,3,webpage,200,output/pages/cse_bracu_ac_bd__faculty_profile_420_atonu_roy_chowdhury.md,d71a881d9c9fb6a39f7f3b12f3c33781cdea8c0a5b5f0d82fd26e4a575e2f80c,2026-09-17T09:17:00.308030+00:00
https://cse.bracu.ac.bd/faculty_profile/144/ms_priata_nowshin,Ms. Priata Nowshin - BRACU CSE,programs,3,webpage,200,output/pages/cse_bracu_ac_bd__faculty_profile_144_ms_priata_nowshin.md,95537d71002d22c8560a7a25676aaa70c0c35313d87d20ffd542daf661e89b7d,2026-09-17T09:17:03.980264+00:00
https://cse.bracu.ac.bd/faculty_profile/372/prothito_shovon_majumder,Prothito Shovon Majumder - BRACU CSE,programs,4,webpage,200,output/pages/cse_bracu_ac_bd__faculty_profile_372_prothito_shovon_majumder.md,1a90b22a476d18e18c80cb00830f80d637bbc5fedc0fd2874690e31d67f8ee9a,2026-09-17T09:17:07.811150+00:00
https://cse.bracu.ac.bd/faculty_profile/187/quazi_shafayat_hossain,Quazi Shafayat Hossain - BRACU CSE,programs,3,webpage,200,output/pages/cse_bracu_ac_bd__faculty_profile_187_quazi_shafayat_hossain.md,d2ed17b50a83a122fbc93f82815d3f318477ea11a04fa51eda4712bba1724dfd,2026-09-17T09:17:11.404966+00:00
https://cse.bracu.ac.bd/faculty_profile/32/quazi_ashikur_rahman,Quazi Ashikur Rahman - BRACU CSE,programs,3,webpage,200,output/pages/cse_bracu_ac_bd__faculty_profile_32_quazi_ashikur_rahman.md,08a6775cd37b490d867edbd6c155bee1e45cb550625597b8285f03c5aca3ad39,2026-09-17T09:17:15.190935+00:00
https://cse.bracu.ac.bd/faculty_profile/27/mr_riad_ahmed,Mr. Riad Ahmed - BRACU CSE,programs,3,webpage,200,output/pages/cse_bracu_ac_bd__faculty_profile_27_mr_riad_ahmed.md,ce27d15c53f9380ecc049561026f339cf29fcd58736c6e0499c5d9587fbb8572,2026-09-17T09:17:18.850001+00:00
https://cse.bracu.ac.bd/faculty_profile/203/mr_rakin_bin_rabbani,Mr. Rakin Bin Rabbani - BRACU CSE,programs,3,webpage,200,output/pages/cse_bracu_ac_bd__faculty_profile_203_mr_rakin_bin_rabbani.md,ad8800af8190197b0db629917a3e0c1c254cf411a3669e76950e4cdd41a63bb4,2026-09-17T09:17:22.492514+00:00
https://cse.bracu.ac.bd/faculty_profile/293/redowanul_akbar,Redowanul Akbar - BRACU CSE,programs,6,webpage,200,output/pages/cse_bracu_ac_bd__faculty_profile_293_redowanul_akbar.md,8effab8713d4b89661a71031b36fbc94692a8e2e38b51d4d15030075c17afa6b,2026-09-17T09:17:26.135169+00:00
https://cse.bracu.ac.bd/faculty_profile/332/imran_zahid,Imran Zahid - BRACU CSE,programs,2,webpage,200,output/pages/cse_bracu_ac_bd__faculty_profile_332_imran_zahid.md,039b7b4d55e553da23fad46166fcc8f474decd3f0c9c1f4a470a152ede76e934,2026-09-17T09:17:29.876572+00:00
https://cse.bracu.ac.bd/faculty_profile/185/mr_ruhan_islam,Mr. Ruhan Islam - BRACU CSE,programs,6,webpage,200,output/pages/cse_bracu_ac_bd__faculty_profile_185_mr_ruhan_islam.md,1eb936736d6182acde173200792f070a373d20562f4144e0ec099eb853b3613f,2026-09-17T09:17:33.431323+00:00
https://cse.bracu.ac.bd/faculty_profile/291/mohammad_rakibul_hasan_mahin,Mohammad Rakibul Hasan Mahin - BRACU CSE,programs,3,webpage,200,output/pages/cse_bracu_ac_bd__faculty_profile_291_mohammad_rakibul_hasan_mahin.md,73c44d30f5ef920792ecf61a1bc0b0da19808f5373cf971ffdcd46920b085acc,2026-09-17T09:17:37.092314+00:00
https://cse.bracu.ac.bd/faculty_profile/320/rafid_ahnaf,Rafid Ahnaf - BRACU CSE,programs,4,webpage,200,output/pages/cse_bracu_ac_bd__faculty_profile_320_rafid_ahnaf.md,51765e0be8a37612af66d69430952a5a9291b358db211dc41640598408a44eed,2026-09-17T09:17:40.801419+00:00
https://cse.bracu.ac.bd/faculty_profile/131/raisa_mashtura,Raisa Mashtura - BRACU CSE,programs,4,webpage,200,output/pages/cse_bracu_ac_bd__faculty_profile_131_raisa_mashtura.md,eef716144931060cbdd2121c4e6a10ed147e4e45f54d4523b5e5efddd62b3695,2026-09-17T09:17:44.563590+00:00
https://cse.bracu.ac.bd/faculty_profile/281/rafiad_sadat_shahir,Rafiad Sadat Shahir - BRACU CSE,programs,3,webpage,200,output/pages/cse_bracu_ac_bd__faculty_profile_281_rafiad_sadat_shahir.md,006bcc2deb4c1020e8731df1f1244f9a2f6f614a14ca5f9c0d3e613aae0b4f5b,2026-09-17T09:17:48.175086+00:00
https://cse.bracu.ac.bd/faculty_profile/390/rifa_tasfiya,Rifa Tasfiya - BRACU CSE,programs,2,webpage,200,output/pages/cse_bracu_ac_bd__faculty_profile_390_rifa_tasfiya.md,3cbc5c7650774b9abec3abcfbd4e4a3c87d8dd08e4bf0e6a3bfbe78ce089e48c,2026-09-17T09:17:51.816682+00:00
https://cse.bracu.ac.bd/faculty_profile/448/sadif_ahmed,Sadif Ahmed - BRACU CSE,programs,4,webpage,200,output/pages/cse_bracu_ac_bd__faculty_profile_448_sadif_ahmed.md,d8336eee5c1a9708c1b064d2a88c93f67a7d2ae67587993dda7fc6203d2ec684,2026-09-17T09:17:55.469490+00:00
https://cse.bracu.ac.bd/faculty_profile/311/saadat_rafid_ahmed,Saadat Rafid Ahmed - BRACU CSE,programs,3,webpage,200,output/pages/cse_bracu_ac_bd__faculty_profile_311_saadat_rafid_ahmed.md,c5cae1597e1772492b400eed77810ac9c86b05c89ccbf278372a542ce2cbf4c7,2026-09-17T09:17:59.236764+00:00
https://cse.bracu.ac.bd/faculty_profile/368/farhan_faruk,Farhan Faruk - BRACU CSE,programs,4,webpage,200,output/pages/cse_bracu_ac_bd__faculty_profile_368_farhan_faruk.md,b3555bab97dfb662452fef9e8d87cfef9ca2f1e07189e8d71069b622cf92578e,2026-09-17T09:18:03.001697+00:00
https://cse.bracu.ac.bd/faculty_profile/202/md_sabbir_hossain,Md Sabbir Hossain - BRACU CSE,programs,2,webpage,200,output/pages/cse_bracu_ac_bd__faculty_profile_202_md_sabbir_hossain.md,9b780cbdc0f4933f78462e12d1f967f3284b78e8356366656084b319e4162b90,2026-09-17T09:18:06.610649+00:00
https://cse.bracu.ac.bd/faculty_profile/76/shayekh_bin_islam,Shayekh Bin Islam - BRACU CSE,programs,6,webpage,200,output/pages/cse_bracu_ac_bd__faculty_profile_76_shayekh_bin_islam.md,63d66e4f089d057208419489396a1c8e3d36ac47b3a667493e924e26d5711e79,2026-09-17T09:18:10.235772+00:00
https://cse.bracu.ac.bd/faculty_profile/331/md_saif_mokarrom,Md Saif Mokarrom - BRACU CSE,programs,3,webpage,200,output/pages/cse_bracu_ac_bd__faculty_profile_331_md_saif_mokarrom.md,6468629a067a698f37a3bfd2d2133781696ccbd430f94ff12039584e72c1198e,2026-09-17T09:18:13.882742+00:00
https://cse.bracu.ac.bd/faculty_profile/56/s_m_farah_al_fahim,S. M. FARAH AL FAHIM - BRACU CSE,programs,3,webpage,200,output/pages/cse_bracu_ac_bd__faculty_profile_56_s_m_farah_al_fahim.md,46abe18fa2d43b08f72c203af74f3cc78872071f97c373c4021b1ace362ca517,2026-09-17T09:18:17.477763+00:00
https://cse.bracu.ac.bd/faculty_profile/377/k_m_shadman_wadith,K. M. Shadman Wadith - BRACU CSE,programs,3,webpage,200,output/pages/cse_bracu_ac_bd__faculty_profile_377_k_m_shadman_wadith.md,4bdbb66230a149323c9c9e70b13327ddaf3898ca0bd93a3323c2bd6e3f481d1a,2026-09-17T09:18:21.117613+00:00
https://cse.bracu.ac.bd/faculty_profile/115/mr_shahriar_rahman_rana,Mr. Shahriar Rahman Rana - BRACU CSE,programs,4,webpage,200,output/pages/cse_bracu_ac_bd__faculty_profile_115_mr_shahriar_rahman_rana.md,11b9936b4a90478aadc66b516cf0b4a4d0689f13c6aadfe78778b67d6acac363,2026-09-17T09:18:24.972746+00:00
https://cse.bracu.ac.bd/faculty_profile/224/sahib_kowsar,Sahib Kowsar - BRACU CSE,programs,2,webpage,200,output/pages/cse_bracu_ac_bd__faculty_profile_224_sahib_kowsar.md,db56333e7c692b60cf0745d81f6144727b50e629f88a4826d3faa42a8681e2d7,2026-09-17T09:18:28.580764+00:00
https://cse.bracu.ac.bd/faculty_profile/323/mr_hamim_ibne_nasim,Mr. Hamim Ibne Nasim - BRACU CSE,programs,2,webpage,200,output/pages/cse_bracu_ac_bd__faculty_profile_323_mr_hamim_ibne_nasim.md,0d2784687794e5ceeed1af74d0072751649f67986c649cf09e56ded62a14d3fa,2026-09-17T09:18:32.127894+00:00
https://cse.bracu.ac.bd/faculty_profile/99/sihat_afnan,Sihat Afnan - BRACU CSE,programs,2,webpage,200,output/pages/cse_bracu_ac_bd__faculty_profile_99_sihat_afnan.md,b6d7828eee9403df61757fa800536e7f4e636485cad3e1aa01aeb4696aafbbc7,2026-09-17T09:18:35.848143+00:00
https://cse.bracu.ac.bd/faculty_profile/242/sukarna_sarker,Sukarna Sarker - BRACU CSE,programs,6,webpage,200,output/pages/cse_bracu_ac_bd__faculty_profile_242_sukarna_sarker.md,264e1b4e8b814ffe96c8239c3965cd9a2a6f96b2f96171c7a804ef74ad1ec1f7,2026-09-17T09:18:39.385147+00:00
https://cse.bracu.ac.bd/faculty_profile/117/swattic_ghose,Swattic Ghose - BRACU CSE,programs,3,webpage,200,output/pages/cse_bracu_ac_bd__faculty_profile_117_swattic_ghose.md,eaaf20db19a5dabba91eb489a48658b4b683f721a1f8eafdfce9480820cbdf9a,2026-09-17T09:18:43.044696+00:00
https://cse.bracu.ac.bd/faculty_profile/343/showvik_biswas,Showvik Biswas - BRACU CSE,programs,4,webpage,200,output/pages/cse_bracu_ac_bd__faculty_profile_343_showvik_biswas.md,e2de17cb7f72b88a41612c76b7299887b6a0b704bd8c58b4f538f0de7449f0e1,2026-09-17T09:18:46.670248+00:00
https://cse.bracu.ac.bd/faculty_profile/396/sazzadul_islam,Sazzadul Islam - BRACU CSE,programs,4,webpage,200,output/pages/cse_bracu_ac_bd__faculty_profile_396_sazzadul_islam.md,c40953e3dce5dc55e266529950abae0a2d3af3c53c4233becf62e5ad111da12d,2026-09-17T09:18:50.292005+00:00
https://cse.bracu.ac.bd/faculty_profile/50/tasnim_ahsan_prome,Tasnim Ahsan Prome - BRACU CSE,programs,4,webpage,200,output/pages/cse_bracu_ac_bd__faculty_profile_50_tasnim_ahsan_prome.md,1e3c254b5342c4acfdce7e3fd6ca3071350e2a459835fc610a1c91c07f28f5db,2026-09-17T09:18:53.932390+00:00
https://cse.bracu.ac.bd/faculty_profile/494/tarvir_anjum_aditto,Tarvir Anjum Aditto - BRACU CSE,programs,2,webpage,200,output/pages/cse_bracu_ac_bd__faculty_profile_494_tarvir_anjum_aditto.md,8d8e46a199d38740660b54221b624c6d3e4d29f471e0bef8c9b3b6ca558468b4,2026-09-17T09:18:57.573111+00:00
https://cse.bracu.ac.bd/faculty_profile/386/mohammad_tahsin_alam,Mohammad Tahsin Alam - BRACU CSE,programs,4,webpage,200,output/pages/cse_bracu_ac_bd__faculty_profile_386_mohammad_tahsin_alam.md,507aba0de9056ae352b135e6997f9192165abb4c60ba3f68fb7cb6fc2d06c5c2,2026-09-17T09:19:01.340501+00:00
https://cse.bracu.ac.bd/faculty_profile/64/mr_tamkin_mahmud_tan,Mr. Tamkin Mahmud Tan - BRACU CSE,programs,2,webpage,200,output/pages/cse_bracu_ac_bd__faculty_profile_64_mr_tamkin_mahmud_tan.md,bb98ebf55a3acfe63e0c9a216024250a5dd3d47a37b810f5cca9717beba38e9b,2026-09-17T09:19:04.946243+00:00
https://cse.bracu.ac.bd/faculty_profile/243/tanvir_muntakim_tonoy,Tanvir Muntakim Tonoy - BRACU CSE,programs,2,webpage,200,output/pages/cse_bracu_ac_bd__faculty_profile_243_tanvir_muntakim_tonoy.md,f97588f70305994a8398926e0901200d237629bdafbc0d96874ae4634d246c11,2026-09-17T09:19:08.593579+00:00
https://cse.bracu.ac.bd/faculty_profile/18/md_tawsif_shahriar_dipto,Md. Tawsif Shahriar Dipto - BRACU CSE,programs,1,webpage,200,output/pages/cse_bracu_ac_bd__faculty_profile_18_md_tawsif_shahriar_dipto.md,a650d48ee642044ee71027e9748b9ed077edd6fbe5faba7cebaba29fbf0fb65b,2026-09-17T09:19:12.252656+00:00
https://cse.bracu.ac.bd/faculty_profile/290/towshik_anam_taj,Towshik Anam Taj - BRACU CSE,programs,6,webpage,200,output/pages/cse_bracu_ac_bd__faculty_profile_290_towshik_anam_taj.md,f6409246399ce1dccc9b1bfbd00fc8488e670c034065c0a03d18225490dcf9f4,2026-09-17T09:19:15.893727+00:00
https://cse.bracu.ac.bd/faculty_profile/295/umme_jannat_taposhi,Umme Jannat Taposhi - BRACU CSE,programs,4,webpage,200,output/pages/cse_bracu_ac_bd__faculty_profile_295_umme_jannat_taposhi.md,7aa12863f8c15d60da028d6322a0547d07eec1335c5152974ab0d54cd04dbf47,2026-09-17T09:19:19.472109+00:00
https://cse.bracu.ac.bd/faculty_profile/327/tasneem_mazhar,Tasneem Mazhar - BRACU CSE,programs,3,webpage,200,output/pages/cse_bracu_ac_bd__faculty_profile_327_tasneem_mazhar.md,dd5343ac9dca218c3821a0a0a09ec415b785270b57655e2ddad4ecf670eecb8b,2026-09-17T09:19:23.074315+00:00
https://cse.bracu.ac.bd/faculty_profile/251/utsab_saha,Utsab Saha - BRACU CSE,programs,3,webpage,200,output/pages/cse_bracu_ac_bd__faculty_profile_251_utsab_saha.md,aa9d02d2bdef54218438d954ea17fe9e7f03b02b8c45354b0a873f065c57eca8,2026-09-17T09:19:26.749393+00:00
https://cse.bracu.ac.bd/faculty_profile/111/warida_rashid,Warida Rashid - BRACU CSE,programs,4,webpage,200,output/pages/cse_bracu_ac_bd__faculty_profile_111_warida_rashid.md,29d88acd747b24a9adbebc55cad67f20c78e02bc5f84abf651e98962c1133e78,2026-09-17T09:19:30.363354+00:00
https://cse.bracu.ac.bd/faculty_profile/310/yeasin_arafat_pritom,Yeasin Arafat Pritom - BRACU CSE,programs,3,webpage,200,output/pages/cse_bracu_ac_bd__faculty_profile_310_yeasin_arafat_pritom.md,cae2ee52309d9cf8db05e5bdc7d7bc89f80b2c3e5374d29b8bb1aa87989ecbcc,2026-09-17T09:19:33.914733+00:00
https://cse.bracu.ac.bd/faculty_profile/250/yasmin_nadia,Yasmin Nadia - BRACU CSE,programs,4,webpage,200,output/pages/cse_bracu_ac_bd__faculty_profile_250_yasmin_nadia.md,d1bf1301741e5978f8dd388f1b6dc56bec13d79bf17b97eff399389424b16573,2026-09-17T09:19:37.547174+00:00
https://cse.bracu.ac.bd/faculty_profile/20/ms_zarin_tasnim_biash,Ms. Zarin Tasnim Biash - BRACU CSE,programs,3,webpage,200,output/pages/cse_bracu_ac_bd__faculty_profile_20_ms_zarin_tasnim_biash.md,6e9683c31438cb9fd5fe3340cad64afd81c0cee11032193153757b93c2e1a70b,2026-09-17T09:19:41.233234+00:00
https://cse.bracu.ac.bd/faculty_profile/314/zayed_humayun,Zayed Humayun - BRACU CSE,programs,3,webpage,200,output/pages/cse_bracu_ac_bd__faculty_profile_314_zayed_humayun.md,d5d72634dc9cb25b9ae64205c0ecbfb3194f8c500d8ad61ced6d477f05b262cb,2026-09-17T09:19:44.796231+00:00
https://cse.bracu.ac.bd/faculty_profile/365/ihzaz_abrar_sadik,Ihzaz Abrar Sadik - BRACU CSE,programs,2,webpage,200,output/pages/cse_bracu_ac_bd__faculty_profile_365_ihzaz_abrar_sadik.md,ecc7132993f7410e9142a9659a870cdd9b422e5b6b3aec0c5741e1be081b845b,2026-09-17T09:19:48.704515+00:00
https://cse.bracu.ac.bd/faculty_profile/216/mirza_abdullah_al_noman,Mirza Abdullah Al Noman - BRACU CSE,programs,2,webpage,200,output/pages/cse_bracu_ac_bd__faculty_profile_216_mirza_abdullah_al_noman.md,426140115002c6c8c419bbadeaf13fa96da89aeb4c5cf94fa57851ecad9edeaf,2026-09-17T09:19:52.234941+00:00
https://cse.bracu.ac.bd/faculty_profile/353/md_muhtasim_mahmud,Md. Muhtasim Mahmud - BRACU CSE,programs,4,webpage,200,output/pages/cse_bracu_ac_bd__faculty_profile_353_md_muhtasim_mahmud.md,f8f356b2b712bfa5283ab979035cbe2639a3cffb6b5338ed96109b33d7a02446,2026-09-17T09:20:04.457975+00:00
https://cse.bracu.ac.bd/faculty_profile/235/ahmed_mayeesha_reza_agomoni,Ahmed Mayeesha Reza Agomoni - BRACU CSE,programs,3,webpage,200,output/pages/cse_bracu_ac_bd__faculty_profile_235_ahmed_mayeesha_reza_agomoni.md,0e8e1f9c805693c636104dc1cb9d5536a250798da5e9e90028277cdddf4302b5,2026-09-17T09:20:08.093779+00:00
https://cse.bracu.ac.bd/faculty_profile/319/naima_tahsin_nodi,Naima Tahsin Nodi - BRACU CSE,programs,2,webpage,200,output/pages/cse_bracu_ac_bd__faculty_profile_319_naima_tahsin_nodi.md,04210d3b2fc0181d560eb74e1b896bb7f812dba821058cc89894fdae859a42ae,2026-09-17T09:20:11.838980+00:00
https://cse.bracu.ac.bd/faculty_profile/292/pollock_nag,Pollock Nag - BRACU CSE,programs,6,webpage,200,output/pages/cse_bracu_ac_bd__faculty_profile_292_pollock_nag.md,cdd13809a629c30e249e9fab93d53d098278c280cd826cd99d7c4ec161c1d7ad,2026-09-17T09:20:15.653012+00:00
https://cse.bracu.ac.bd/faculty_profile/229/riazul_islam_rifat,Riazul Islam Rifat - BRACU CSE,programs,2,webpage,200,output/pages/cse_bracu_ac_bd__faculty_profile_229_riazul_islam_rifat.md,3fbc9b8db482407c8b077403dd26e4185e70ec51e03d441c7fcbaa5811ae58d7,2026-09-17T09:20:19.276782+00:00
https://cse.bracu.ac.bd/faculty_profile/381/sanjida_tasnim,Sanjida Tasnim - BRACU CSE,programs,2,webpage,200,output/pages/cse_bracu_ac_bd__faculty_profile_381_sanjida_tasnim.md,5f38e2c5f15f7e6fab5c3a739dfcc64267428ba65dbf9f36370de9b8f6488788,2026-09-17T09:20:22.881289+00:00
https://cse.bracu.ac.bd/faculty_profile/439/nafis_faisal,Nafis Faisal - BRACU CSE,programs,2,webpage,200,output/pages/cse_bracu_ac_bd__faculty_profile_439_nafis_faisal.md,6b94c5dbb2c3d9f5074a0fe6bd809aefae2a1760b98c68b55f92710f17827f02,2026-09-17T09:20:26.478267+00:00
https://cse.bracu.ac.bd/faculty_profile/415/anika_ahmed,Anika Ahmed - BRACU CSE,programs,2,webpage,200,output/pages/cse_bracu_ac_bd__faculty_profile_415_anika_ahmed.md,9e4d5bc7430a1a77b5e7afa3ed907b4bc1326c847e110c8b47cc9a518d8d2e29,2026-09-17T09:20:30.081334+00:00
https://cse.bracu.ac.bd/faculty_profile/92/ahmad_al_asad,Ahmad Al Asad - BRACU CSE,programs,4,webpage,200,output/pages/cse_bracu_ac_bd__faculty_profile_92_ahmad_al_asad.md,92e87b7dadd4ce9d412eaa76371c43c4aeadd5e6d4cb4ab46b13be3479207571,2026-09-17T09:20:33.932368+00:00
https://cse.bracu.ac.bd/faculty_profile/239/anika_afrin,Anika Afrin - BRACU CSE,programs,4,webpage,200,output/pages/cse_bracu_ac_bd__faculty_profile_239_anika_afrin.md,a12b3def49cc44c822306ac3115196963c8f21b08694bd8cba538f3fcbc84471,2026-09-17T09:20:37.523810+00:00
https://cse.bracu.ac.bd/faculty_profile/167/adrita_anwar,Adrita Anwar - BRACU CSE,programs,6,webpage,200,output/pages/cse_bracu_ac_bd__faculty_profile_167_adrita_anwar.md,b68e15cd0e4c4c419526097f6ff44abb8a43a269dad791330eee2030486ba42c,2026-09-17T09:20:41.021071+00:00
https://cse.bracu.ac.bd/faculty_profile/279/ayesha_siddika,Ayesha Siddika - BRACU CSE,programs,4,webpage,200,output/pages/cse_bracu_ac_bd__faculty_profile_279_ayesha_siddika.md,a82364478661ed54e3181d1a4a503b30e9e767dcd2a89a1b7dcaba132c6ca3d6,2026-09-17T09:20:44.569279+00:00
https://cse.bracu.ac.bd/faculty_profile/61/ms_aiman_jabeen_ramisa,Ms. Aiman Jabeen Ramisa - BRACU CSE,programs,4,webpage,200,output/pages/cse_bracu_ac_bd__faculty_profile_61_ms_aiman_jabeen_ramisa.md,700a7e07728765d57ba8c4f24943400ae9e36e6aac961a0fd412c4d1604cdc34,2026-09-17T09:20:48.095396+00:00
https://cse.bracu.ac.bd/faculty_profile/370/abdullah_khondoker,Abdullah Khondoker - BRACU CSE,programs,4,webpage,200,output/pages/cse_bracu_ac_bd__faculty_profile_370_abdullah_khondoker.md,9292c36d4cd01534533b3b5746ab320e6fe56e2e5ee6962ca657a55786cd4da4,2026-09-17T09:20:51.784492+00:00
https://cse.bracu.ac.bd/faculty_profile/213/ms_anika_tasnim,Ms. Anika Tasnim - BRACU CSE,programs,2,webpage,200,output/pages/cse_bracu_ac_bd__faculty_profile_213_ms_anika_tasnim.md,cbd426de1201567daf08e653f26347c6ce825011a42816dbdc74032846443536,2026-09-17T09:20:55.388502+00:00
https://cse.bracu.ac.bd/faculty_profile/356/md_anonto_shuvo,Md. Anonto Shuvo - BRACU CSE,programs,5,webpage,200,output/pages/cse_bracu_ac_bd__faculty_profile_356_md_anonto_shuvo.md,8de2c137160ac06c844f206e6506d1193b09f080a7ac67cdf0ec3648d00a6893,2026-09-17T09:20:58.981817+00:00
https://cse.bracu.ac.bd/faculty_profile/393/abu_obaida_hasme,Abu Obaida Hasme - BRACU CSE,programs,2,webpage,200,output/pages/cse_bracu_ac_bd__faculty_profile_393_abu_obaida_hasme.md,a49a9b085bb96d8f131f055e046b6715c4711aff4651d7965c690aa359f3e4ff,2026-09-17T09:21:02.619010+00:00
https://cse.bracu.ac.bd/faculty_profile/74/mr_abu_raihan_shakil,Mr. ABU RAIHAN SHAKIL - BRACU CSE,programs,2,webpage,200,output/pages/cse_bracu_ac_bd__faculty_profile_74_mr_abu_raihan_shakil.md,5eb468b7ebd97f2d018b10fb8483fa111e28acbff26d748ec0cb4f103eeb2515,2026-09-17T09:21:06.276912+00:00
https://cse.bracu.ac.bd/faculty_profile/362/a_s_m_nasim_khan,A S M Nasim Khan - BRACU CSE,programs,2,webpage,200,output/pages/cse_bracu_ac_bd__faculty_profile_362_a_s_m_nasim_khan.md,59c1d1f72a8a6ad3e8f55b13f48f9c1978f354e35514f1d8be32755b478732b2,2026-09-17T09:21:09.846024+00:00
https://cse.bracu.ac.bd/faculty_profile/419/shihab_muhtasim,Shihab Muhtasim - BRACU CSE,programs,5,webpage,200,output/pages/cse_bracu_ac_bd__faculty_profile_419_shihab_muhtasim.md,3072093f60c88885e06f57d5da26f5199b63c4ecc2bc65c72c08cc0c13ef19b8,2026-09-17T09:21:13.566101+00:00
https://cse.bracu.ac.bd/faculty_profile/317/mr_md_fardin_rahman_ami,Mr. MD FARDIN RAHMAN AMI - BRACU CSE,programs,5,webpage,200,output/pages/cse_bracu_ac_bd__faculty_profile_317_mr_md_fardin_rahman_ami.md,69f3f322980c25c597673f9ee1c387a9a95b1a7ae7bdd1a6499d4fa7860bdb05,2026-09-17T09:21:17.198337+00:00
https://cse.bracu.ac.bd/faculty_profile/355/md_irtiza_hossain,Md. Irtiza Hossain - BRACU CSE,programs,3,webpage,200,output/pages/cse_bracu_ac_bd__faculty_profile_355_md_irtiza_hossain.md,de0ace5bf6fe820c0816b7894d98b29f107b805aa6a89c9a88905b1887535357,2026-09-17T09:21:20.803662+00:00
https://cse.bracu.ac.bd/faculty_profile/254/joya_akter,Joya Akter - BRACU CSE,programs,2,webpage,200,output/pages/cse_bracu_ac_bd__faculty_profile_254_joya_akter.md,341d1cdbdeafb8bc52d059794f13cf546c1e7d0b13b31f77b46f090af1a5b124,2026-09-17T09:21:24.566232+00:00
https://cse.bracu.ac.bd/faculty_profile/437/moinul_haque,Moinul Haque - BRACU CSE,programs,2,webpage,200,output/pages/cse_bracu_ac_bd__faculty_profile_437_moinul_haque.md,65e3fe522ef47a52e54884f31ce1f465de02110f1f0b9015dffbb9c25d45a0fa,2026-09-17T09:21:28.530606+00:00
https://cse.bracu.ac.bd/faculty_profile/363/kaji_sajjad_hossain,Kaji Sajjad Hossain - BRACU CSE,programs,4,webpage,200,output/pages/cse_bracu_ac_bd__faculty_profile_363_kaji_sajjad_hossain.md,6f443b3b28fcbf8e9eaae16852dd7ecc850bf0626f8b50e4e77c3cb0ac89c822,2026-09-17T09:21:32.195598+00:00
https://cse.bracu.ac.bd/faculty_profile/452/nafis_chowdhury,Nafis Chowdhury - BRACU CSE,programs,2,webpage,200,output/pages/cse_bracu_ac_bd__faculty_profile_452_nafis_chowdhury.md,389f2560ac1402a231caa530dd35cc33e05189068bf43fec9da4a1f10abab7e8,2026-09-17T09:21:35.809718+00:00
https://cse.bracu.ac.bd/faculty_profile/336/md_asif,MD ASIF - BRACU CSE,programs,2,webpage,200,output/pages/cse_bracu_ac_bd__faculty_profile_336_md_asif.md,bbc76a1dc204570b2319288f1bb96408b5fca40ab4edb2ab0d600931463f63a8,2026-09-17T09:21:39.366588+00:00
https://cse.bracu.ac.bd/faculty_profile/240/mohammad_abdul_ahad,Mohammad Abdul Ahad - BRACU CSE,programs,2,webpage,200,output/pages/cse_bracu_ac_bd__faculty_profile_240_mohammad_abdul_ahad.md,102f9d9a2f4c412a8ca6762feb7f1e55b8e095442fb8dbbdfc2ec8cb32b6e4a7,2026-09-17T09:21:43.051396+00:00
https://cse.bracu.ac.bd/faculty_profile/457/sadman_sharif,Sadman Sharif - BRACU CSE,programs,3,webpage,200,output/pages/cse_bracu_ac_bd__faculty_profile_457_sadman_sharif.md,f4d8fbc121608f30d76c4730f9b8487bc262a71bb0605a91a58182a4270deadf,2026-09-17T09:21:46.790703+00:00
https://cse.bracu.ac.bd/faculty_profile/445/sadman_sakib_alif,Sadman Sakib Alif - BRACU CSE,programs,3,webpage,200,output/pages/cse_bracu_ac_bd__faculty_profile_445_sadman_sakib_alif.md,16f7bbac084174fff2b55f2eae9af2779371bba583ea4f9584d07a473cd1afe3,2026-09-17T09:21:50.417800+00:00
https://cse.bracu.ac.bd/faculty_profile/459/md_ajmain_mahtab,MD Ajmain Mahtab - BRACU CSE,programs,2,webpage,200,output/pages/cse_bracu_ac_bd__faculty_profile_459_md_ajmain_mahtab.md,ebeb52eba1a7587d7d27db314e027e75cf2757f8614527465e4e38441b756946,2026-09-17T09:21:54.135406+00:00
https://cse.bracu.ac.bd/faculty_profile/45/mostofa_kamal_sagor,Mostofa Kamal Sagor - BRACU CSE,programs,1,webpage,200,output/pages/cse_bracu_ac_bd__faculty_profile_45_mostofa_kamal_sagor.md,6ba8d16a391093147fb305239ee305b33016d43d39e7d5dcd27340f8dabf14c2,2026-09-17T09:21:57.839788+00:00
https://cse.bracu.ac.bd/faculty_profile/31/mr_md_mahedi_hassan,Mr. Md. Mahedi Hassan - BRACU CSE,programs,2,webpage,200,output/pages/cse_bracu_ac_bd__faculty_profile_31_mr_md_mahedi_hassan.md,c3d69dccb732813951b7dc9910090b6d977738eb600af123edb5fc694f492fb7,2026-09-17T09:22:01.363223+00:00
https://cse.bracu.ac.bd/faculty_profile/217/mohammad_naveed_hossain,Mohammad Naveed Hossain - BRACU CSE,programs,1,webpage,200,output/pages/cse_bracu_ac_bd__faculty_profile_217_mohammad_naveed_hossain.md,22c12357155f52363195992b837c398b82c6d02882904e7ad907b852f04d6b72,2026-09-17T09:22:04.958780+00:00
https://cse.bracu.ac.bd/faculty_profile/39/mr_mehran_hossain,Mr. Mehran Hossain - BRACU CSE,programs,1,webpage,200,output/pages/cse_bracu_ac_bd__faculty_profile_39_mr_mehran_hossain.md,9c59de86c018be998416308c699ae202d381ffdac591037fc46454b21350939a,2026-09-17T09:22:08.529181+00:00
https://cse.bracu.ac.bd/faculty_profile/436/ayon_roy,Ayon Roy - BRACU CSE,programs,4,webpage,200,output/pages/cse_bracu_ac_bd__faculty_profile_436_ayon_roy.md,e33cc2ed1d61599dccc6ea369edfa978cad3a0a98366b32ab1c772819aaa5cc4,2026-09-17T09:22:12.132748+00:00
https://cse.bracu.ac.bd/faculty_profile/253/mohammad_sayeem_sadat_hossain,Mohammad Sayeem Sadat Hossain - BRACU CSE,programs,4,webpage,200,output/pages/cse_bracu_ac_bd__faculty_profile_253_mohammad_sayeem_sadat_hossain.md,7c68e722252cd4d8697250651a7bbf4903aa804bdb5b498d6c7970cb9e751fb9,2026-09-17T09:22:15.796729+00:00
https://cse.bracu.ac.bd/faculty_profile/223/md_mustakin_alam,Md. Mustakin Alam - BRACU CSE,general,1,webpage,200,output/pages/cse_bracu_ac_bd__faculty_profile_223_md_mustakin_alam.md,87657e70cc86baa26efda5f3670e12a880b04c42a350bc9f737151be3c57184e,2026-09-17T09:22:19.792167+00:00
https://cse.bracu.ac.bd/faculty_profile/366/mehnaz_ara_fazal,Mehnaz Ara Fazal - BRACU CSE,programs,2,webpage,200,output/pages/cse_bracu_ac_bd__faculty_profile_366_mehnaz_ara_fazal.md,a8eb2c209f1bd8c2c30a8ec90316769363406252fd15394e3f107a669d7386d0,2026-09-17T09:22:23.400150+00:00
https://cse.bracu.ac.bd/faculty_profile/361/maazin_munawar,Maazin Munawar - BRACU CSE,programs,4,webpage,200,output/pages/cse_bracu_ac_bd__faculty_profile_361_maazin_munawar.md,7af0495c423d581b9fe7bac44e2e8012a31326ad96d3877b4d1cfc95c9ba0093,2026-09-17T09:22:27.107266+00:00
https://cse.bracu.ac.bd/faculty_profile/470/fardeen_bin_ibrahim,Fardeen Bin Ibrahim - BRACU CSE,programs,2,webpage,200,output/pages/cse_bracu_ac_bd__faculty_profile_470_fardeen_bin_ibrahim.md,123372b875788a1045c011c88782139c1f37980b23073dd9f6f1f94349b7e376,2026-09-17T09:22:30.809227+00:00
https://cse.bracu.ac.bd/faculty_profile/98/ms_nishat_nayla,Ms. Nishat Nayla - BRACU CSE,programs,2,webpage,200,output/pages/cse_bracu_ac_bd__faculty_profile_98_ms_nishat_nayla.md,997be162cb344719e6483304ee1a52ff4e722068e705113d7995ae39a6a1fdf8,2026-09-17T09:22:34.408724+00:00
https://cse.bracu.ac.bd/faculty_profile/456/md_shamsur_shafi_nur_e_aziz,Md Shamsur Shafi Nur E Aziz - BRACU CSE,programs,4,webpage,200,output/pages/cse_bracu_ac_bd__faculty_profile_456_md_shamsur_shafi_nur_e_aziz.md,a0ed4198b43367f237f9342a3529ffce086673aa109f3e85df04f18fba1431f3,2026-09-17T09:22:37.939782+00:00
https://cse.bracu.ac.bd/faculty_profile/237/nowshin_tabassum,Nowshin Tabassum - BRACU CSE,programs,2,webpage,200,output/pages/cse_bracu_ac_bd__faculty_profile_237_nowshin_tabassum.md,c9323f93023625fd574d939abdec63d69409760c468868b4d4a2f5429b5c178d,2026-09-17T09:22:41.509201+00:00
https://cse.bracu.ac.bd/faculty_profile/453/qurratul_ayen_elma,Qurratul Ayen Elma - BRACU CSE,programs,4,webpage,200,output/pages/cse_bracu_ac_bd__faculty_profile_453_qurratul_ayen_elma.md,55b5c0e498ddd18bbd272a567c5b0208071728f5614fe47bc2bb68279f60b3bf,2026-09-17T09:22:45.086563+00:00
https://cse.bracu.ac.bd/faculty_profile/282/md_rabiul_islam_khan,Md. Rabiul Islam Khan - BRACU CSE,programs,5,webpage,200,output/pages/cse_bracu_ac_bd__faculty_profile_282_md_rabiul_islam_khan.md,e03444aadbe423c3f1365c325d6bc2e6b7ebc4bcf15b3b9ebfb0775cea9e002a,2026-09-17T09:22:48.693332+00:00
https://cse.bracu.ac.bd/faculty_profile/467/farah_binta_haque,Farah Binta Haque - BRACU CSE,programs,3,webpage,200,output/pages/cse_bracu_ac_bd__faculty_profile_467_farah_binta_haque.md,0ef3057a14cae19ea49b544be4731db6ef6472fde33f82047fd8cc7fa3faabae,2026-09-17T09:22:52.360745+00:00
https://cse.bracu.ac.bd/faculty_profile/364/rantu_das,Rantu Das - BRACU CSE,programs,3,webpage,200,output/pages/cse_bracu_ac_bd__faculty_profile_364_rantu_das.md,1d34f854df991d66eb088d0f20fc5c0c639cf6de6134c2019c2f06fd0559fe5d,2026-09-17T09:22:56.054544+00:00
https://cse.bracu.ac.bd/faculty_profile/298/ramisa_fariha_joyee,Ramisa Fariha Joyee - BRACU CSE,programs,4,webpage,200,output/pages/cse_bracu_ac_bd__faculty_profile_298_ramisa_fariha_joyee.md,f1c50e3072565e3056983b0cbb025061a3de78693b656c00d38ec69de243065a,2026-09-17T09:22:59.539758+00:00
https://cse.bracu.ac.bd/faculty_profile/442/anika_islam,ANIKA ISLAM - BRACU CSE,programs,4,webpage,200,output/pages/cse_bracu_ac_bd__faculty_profile_442_anika_islam.md,69318231bbeb1ef9317fb887f6ac0ea3b43bd518a76f126c59aa29b346f05e62,2026-09-17T09:23:03.218127+00:00
https://cse.bracu.ac.bd/faculty_profile/351/sajid_imam_mahir,Sajid Imam Mahir - BRACU CSE,programs,2,webpage,200,output/pages/cse_bracu_ac_bd__faculty_profile_351_sajid_imam_mahir.md,736d0fc6c7e81e497285be4f701f2b66008fe21579cac789f5381bcfb49487c3,2026-09-17T09:23:06.810366+00:00
https://cse.bracu.ac.bd/faculty_profile/67/ms_sameha_kamrul,Ms. Sameha Kamrul - BRACU CSE,programs,2,webpage,200,output/pages/cse_bracu_ac_bd__faculty_profile_67_ms_sameha_kamrul.md,a8afa6895f4d73debdf8c914838d025b4b7f1da12b65f7aa7cac721a9c6d46c1,2026-09-17T09:23:10.451525+00:00
https://cse.bracu.ac.bd/faculty_profile/474/masuk_ridwan_saumo,Masuk Ridwan Saumo - BRACU CSE,programs,2,webpage,200,output/pages/cse_bracu_ac_bd__faculty_profile_474_masuk_ridwan_saumo.md,7462bd0cb24ff4cf07bafb926e47006cf7364fc58d50bbb54b847f6b12451090,2026-09-17T09:23:14.042042+00:00
https://cse.bracu.ac.bd/faculty_profile/48/sriman_bidhan_baray,Sriman Bidhan Baray - BRACU CSE,programs,1,webpage,200,output/pages/cse_bracu_ac_bd__faculty_profile_48_sriman_bidhan_baray.md,fcbe78a4a06c29246a01f708dec7686c5371a3af79466ffc2b289774b94b56db,2026-09-17T09:23:17.786571+00:00
https://cse.bracu.ac.bd/faculty_profile/198/mr_sifat_tanvir,Mr. Sifat Tanvir - BRACU CSE,programs,2,webpage,200,output/pages/cse_bracu_ac_bd__faculty_profile_198_mr_sifat_tanvir.md,f50362b5f998b923fb10b3d05b96633c0da43357713c7d7644bec955116e2ab4,2026-09-17T09:23:21.357700+00:00
https://cse.bracu.ac.bd/faculty_profile/392/tahsin_tanim_ramisha,Tahsin Tanim Ramisha - BRACU CSE,programs,3,webpage,200,output/pages/cse_bracu_ac_bd__faculty_profile_392_tahsin_tanim_ramisha.md,86ae5d4b4ef448668fb370b55f75c1383be0617b2bc75216c4aa4040ea1fdd50,2026-09-17T09:23:25.068417+00:00
https://cse.bracu.ac.bd/faculty_profile/404/tasnia_juha,Tasnia Juha - BRACU CSE,programs,2,webpage,200,output/pages/cse_bracu_ac_bd__faculty_profile_404_tasnia_juha.md,53e77e50295732e75ca58795193c9b6621535ce5536ddd85e97e7303e83f6056,2026-09-17T09:23:28.829142+00:00
https://cse.bracu.ac.bd/faculty_profile/352/tanjim_reza,Tanjim Reza - BRACU CSE,programs,2,webpage,200,output/pages/cse_bracu_ac_bd__faculty_profile_352_tanjim_reza.md,4ba8703ebe532b4dd74bea1df4ee1dfd98ee429ba58fb947acd28f73a982e24c,2026-09-17T09:23:32.547881+00:00
https://cse.bracu.ac.bd/faculty_profile/354/mdwaseq_alauddin_alvi,Md.Waseq Alauddin Alvi - BRACU CSE,programs,2,webpage,200,output/pages/cse_bracu_ac_bd__faculty_profile_354_mdwaseq_alauddin_alvi.md,718494f0534fbdf6d379482e7a2788dc4c9df2d466f56d8c82457dcf3f67d670,2026-09-17T09:23:36.131807+00:00
https://cse.bracu.ac.bd/faculty_profile/118/ms_zarin_tahia_hossain,Ms. Zarin Tahia Hossain - BRACU CSE,programs,2,webpage,200,output/pages/cse_bracu_ac_bd__faculty_profile_118_ms_zarin_tahia_hossain.md,10c495ced22296497d2faebea43574728db158da98b1b3694c2f5a31b0ff5574,2026-09-17T09:23:39.722952+00:00
https://cse.bracu.ac.bd/faculty_profile/416/aunon_halder,Aunon Halder - BRACU CSE,programs,2,webpage,200,output/pages/cse_bracu_ac_bd__faculty_profile_416_aunon_halder.md,a26372ff1d2aaa8f16f40bb4654ae5cd16a8e1b7a1f05c9d98b346c326c5e22b,2026-09-17T09:23:43.311825+00:00
https://cse.bracu.ac.bd/faculty_profile/427/nusrat_zaman_raya,Nusrat Zaman Raya - BRACU CSE,programs,5,webpage,200,output/pages/cse_bracu_ac_bd__faculty_profile_427_nusrat_zaman_raya.md,91b981958c1edb04251a201cfa439e205de86f6a64c3c2f206b12edd214ee7ff,2026-09-17T09:23:46.997538+00:00
https://cse.bracu.ac.bd/faculty_profile/218/md_farhadul_islam,Md. Farhadul Islam - BRACU CSE,programs,2,webpage,200,output/pages/cse_bracu_ac_bd__faculty_profile_218_md_farhadul_islam.md,41d09a16023ab55cd51736125bbfc79892722627fc5470ec264ac10149b87a7f,2026-09-17T09:23:51.565716+00:00
https://cse.bracu.ac.bd/faculty_profile/220/fahimulislam,Fahim-Ul-Islam - BRACU CSE,programs,1,webpage,200,output/pages/cse_bracu_ac_bd__faculty_profile_220_fahimulislam.md,8d4efa8f7d3575072690160d5aee7b3e7d6fff9e68db01108f5c6e706f57eb82,2026-09-17T09:23:55.251851+00:00
https://cse.bracu.ac.bd/faculty_profile/299/md_ishmam_tasin,Md Ishmam Tasin - BRACU CSE,programs,3,webpage,200,output/pages/cse_bracu_ac_bd__faculty_profile_299_md_ishmam_tasin.md,1477b23d95392962f01821f35751f28d5c44d128607804b432cb758ceadf3c9d,2026-09-17T09:23:58.971744+00:00
https://cse.bracu.ac.bd/faculty_profile/241/nafiz_imtiaz_rafin,Nafiz Imtiaz Rafin - BRACU CSE,programs,2,webpage,200,output/pages/cse_bracu_ac_bd__faculty_profile_241_nafiz_imtiaz_rafin.md,f28a6e9afa3174b7eeb5bc711bfadaf87106e9e72ef94d3c5ebf9ba95443c6bf,2026-09-17T09:24:02.654693+00:00
https://cse.bracu.ac.bd/faculty_profile/400/pratyasha_saha,Pratyasha Saha - BRACU CSE,programs,3,webpage,200,output/pages/cse_bracu_ac_bd__faculty_profile_400_pratyasha_saha.md,f23ea4d8488152d5b46dea26c0163d90c5e02d420dcfb3f9227a7789b8c3fc70,2026-09-17T09:24:06.610709+00:00
https://cse.bracu.ac.bd/thesis/synopsis/141/verifiable-agentic-search-and-generative-process-supervision-for-automated-reasoning,Verifiable Agentic Search and Generative Process Supervision for Automated Reasoning - BRACU CSE,programs,2,webpage,200,output/pages/cse_bracu_ac_bd__thesis_synopsis_141_verifiable-agentic-search-and-generative-process-supervision-for-automated-reasoning.md,83b863563d8c2cb4d560f4253e643c401065ff6ef6bc1f97c85d19544e2f77d7,2026-09-17T09:24:10.242275+00:00
https://cse.bracu.ac.bd/thesis/synopsis/140/behavior-aware-adaptive-multi-factor-authentication,Behavior Aware Adaptive Multi-Factor Authentication - BRACU CSE,programs,2,webpage,200,output/pages/cse_bracu_ac_bd__thesis_synopsis_140_behavior-aware-adaptive-multi-factor-authentication.md,5856610010dffe8901a9c7ecf514033756617785671e8f73deddf08f646ea455,2026-09-17T09:24:13.782760+00:00
https://cse.bracu.ac.bd/thesis/synopsis/139/risk-adaptive-three-factor-authentication-for-secure-digital-identity,Risk-Adaptive Three-Factor Authentication for Secure Digital Identity - BRACU CSE,programs,2,webpage,200,output/pages/cse_bracu_ac_bd__thesis_synopsis_139_risk-adaptive-three-factor-authentication-for-secure-digital-identity.md,fc7ea974b25a159a53dadcda41be0fb12d9828d35da3788e72abd4c04fbaa643,2026-09-17T09:24:17.502211+00:00
https://cse.bracu.ac.bd/thesis/synopsis/138/risk-aware-cryptographic-agility-for-post-quantum-migration,Risk-Aware Cryptographic Agility for Post-Quantum Migration - BRACU CSE,admissions,2,webpage,200,output/pages/cse_bracu_ac_bd__thesis_synopsis_138_risk-aware-cryptographic-agility-for-post-quantum-migration.md,0e5d31739aa703242ef6f1f2d4c0848046f29c4a8044c607c8a30ed9a6bf5f8d,2026-09-17T09:24:21.019301+00:00
https://cse.bracu.ac.bd/thesis/synopsis/137/artificial-intelligence-and-deep-learning,Artificial Intelligence and Deep Learning - BRACU CSE,programs,2,webpage,200,output/pages/cse_bracu_ac_bd__thesis_synopsis_137_artificial-intelligence-and-deep-learning.md,9cec1eb0a59c3c631cacc2323912772035e49bf399ccdd052d150d1fb9fd1067,2026-09-17T09:24:24.582668+00:00
https://cse.bracu.ac.bd/thesis/synopsis/136/gesture-based-human-computer-interaction-and-applied-computer-vision,Gesture-Based Human–Computer Interaction and Applied Computer Vision - BRACU CSE,programs,2,webpage,200,,9cec1eb0a59c3c631cacc2323912772035e49bf399ccdd052d150d1fb9fd1067,2026-09-17T09:24:28.146702+00:00
https://cse.bracu.ac.bd/thesis/synopsis/135/eye-tracking-and-attention-analysis,Eye-Tracking and Attention Analysis - BRACU CSE,programs,2,webpage,200,,9cec1eb0a59c3c631cacc2323912772035e49bf399ccdd052d150d1fb9fd1067,2026-09-17T09:24:31.645530+00:00
https://cse.bracu.ac.bd/thesis/synopsis/133/cognitive-neuroscience-learning-memory-and-cognitive-training,"Cognitive Neuroscience, Learning, Memory, and Cognitive Training - BRACU CSE",programs,2,webpage,200,,9cec1eb0a59c3c631cacc2323912772035e49bf399ccdd052d150d1fb9fd1067,2026-09-17T09:24:35.311420+00:00
https://cse.bracu.ac.bd/thesis/synopsis/134/sleep-cognition-and-intelligent-health-technologies,"Sleep, Cognition, and Intelligent Health Technologies - BRACU CSE",programs,2,webpage,200,,9cec1eb0a59c3c631cacc2323912772035e49bf399ccdd052d150d1fb9fd1067,2026-09-17T09:24:38.852961+00:00
https://cse.bracu.ac.bd/thesis/synopsis/131/neuroadaptive-systems-and-brain-computer-interfaces,Neuroadaptive Systems and Brain–Computer Interfaces - BRACU CSE,programs,2,webpage,200,,9cec1eb0a59c3c631cacc2323912772035e49bf399ccdd052d150d1fb9fd1067,2026-09-17T09:24:42.541706+00:00
https://cse.bracu.ac.bd/thesis/synopsis/130/offline-reinforcement-learning-addressing-out-of-distribution-actions,Offline Reinforcement Learning: Addressing Out-of-Distribution Actions - BRACU CSE,programs,2,webpage,200,output/pages/cse_bracu_ac_bd__thesis_synopsis_130_offline-reinforcement-learning-addressing-out-of-distribution-actions.md,c7a97f9b4ed1d9cc62dcb8aa9e4ff6dd3e2fe08a8d2f49f43506d206033f0958,2026-09-17T09:24:46.049633+00:00
https://cse.bracu.ac.bd/thesis/synopsis/129/vision-language-action-models-open-challenges-in-embodied-ai,Vision-Language-Action Models: Open Challenges in Embodied AI - BRACU CSE,programs,2,webpage,200,output/pages/cse_bracu_ac_bd__thesis_synopsis_129_vision-language-action-models-open-challenges-in-embodied-ai.md,57f08c0b22ba0818935104792c735fe60da5df65d05c667872e72ee30dc4f456,2026-09-17T09:24:49.778356+00:00
https://cse.bracu.ac.bd/thesis/synopsis/128/a-comparative-study-of-classical-quantum-and-hybrid-machine-learning-for-anti-money-laundering-detection,"A Comparative Study of Classical, Quantum and Hybrid Machine Learning for Anti-Money Laundering Detection - BRACU CSE",programs,2,webpage,200,output/pages/cse_bracu_ac_bd__thesis_synopsis_128_a-comparative-study-of-classical-quantum-and-hybrid-machine-learning-for-anti-money-laundering-detection.md,1dd1bda6530dcb3204f643e1a18ff4cf9da9217642e5726feb4fd6b423537490,2026-09-17T09:24:53.576824+00:00
https://cse.bracu.ac.bd/thesis/synopsis/127/quantum-aware-image-encoding-and-adversarial-perturbation,Quantum-Aware Image Encoding and Adversarial Perturbation - BRACU CSE,programs,2,webpage,200,output/pages/cse_bracu_ac_bd__thesis_synopsis_127_quantum-aware-image-encoding-and-adversarial-perturbation.md,489a75c0173b3341c4e7afcf65b06257d1bad2eb044a26ef4651c9fcfaf00537,2026-09-17T09:24:57.107382+00:00
https://cse.bracu.ac.bd/thesis/synopsis/126/physics-informed-variational-autoencoders-for-cosmological-field-reconstruction-and-parameter-inference,Physics-Informed Variational Autoencoders for Cosmological Field Reconstruction and Parameter Inference. - BRACU CSE,programs,2,webpage,200,output/pages/cse_bracu_ac_bd__thesis_synopsis_126_physics-informed-variational-autoencoders-for-cosmological-field-reconstruction-and-parameter-inference.md,85ad6509ac1989881cde33bf782c4b3c97b1ce323ec02417b05de5f1fea880bf,2026-09-17T09:25:00.564912+00:00
https://cse.bracu.ac.bd/thesis/synopsis/125/artificial-intelligence-agents-for-biology,Artificial intelligence agents for biology - BRACU CSE,programs,3,webpage,200,output/pages/cse_bracu_ac_bd__thesis_synopsis_125_artificial-intelligence-agents-for-biology.md,0c8989f545b0e2515ebd6b04202e612a619ae83a19afe209bedb8e70c23574a2,2026-09-17T09:25:04.450203+00:00
https://cse.bracu.ac.bd/thesis/synopsis/124/understanding-user-perceptions-and-gender-based-preferences-in-ride-sharing-platforms-a-comparative-study-of-uber-pathao-and-indrive-in-bangladesh,"Understanding User Perceptions and Gender-Based Preferences in Ride-Sharing Platforms: A Comparative Study of Uber, Pathao, and inDrive in Bangladesh - BRACU CSE",programs,1,webpage,200,output/pages/cse_bracu_ac_bd__thesis_synopsis_124_understanding-user-perceptions-and-gender-based-preferences-in-ride-sharing-platforms-a-comparative_0c74da3ae7.md,584ea47160d8c25bcdfcdad77decacfe2a9271c6d45bb69ac681465d40155b5e,2026-09-17T09:25:07.973324+00:00
https://cse.bracu.ac.bd/thesis/synopsis/118/financial-document-analysis-and-data-extraction-using-llm,Financial document analysis and data extraction using LLM - BRACU CSE,programs,2,webpage,200,output/pages/cse_bracu_ac_bd__thesis_synopsis_118_financial-document-analysis-and-data-extraction-using-llm.md,04c5881774c987b952e277aa75c650766a34b7172160f8aebd5ee6d40d5ad847,2026-09-17T09:25:11.462812+00:00
https://cse.bracu.ac.bd/thesis/synopsis/117/efficient-deep-learning-model-for-waste-classification-and-segmentation,Efficient deep learning model for waste classification and segmentation - BRACU CSE,programs,2,webpage,200,,04c5881774c987b952e277aa75c650766a34b7172160f8aebd5ee6d40d5ad847,2026-09-17T09:25:15.205248+00:00
https://cse.bracu.ac.bd/thesis/synopsis/116/an-explainable-ai-approach-with-lightweight-cnns-for-synthetic-image-detection,An Explainable AI Approach with Lightweight CNNs for Synthetic Image Detection - BRACU CSE,programs,2,webpage,200,,04c5881774c987b952e277aa75c650766a34b7172160f8aebd5ee6d40d5ad847,2026-09-17T09:25:18.965161+00:00
https://cse.bracu.ac.bd/thesis/synopsis/115/leveraging-llms-for-automated-document-classification-and-information-extraction,Leveraging LLMs for Automated Document Classification and Information Extraction - BRACU CSE,programs,2,webpage,200,,04c5881774c987b952e277aa75c650766a34b7172160f8aebd5ee6d40d5ad847,2026-09-17T09:25:22.476761+00:00
https://cse.bracu.ac.bd/thesis/synopsis/114/cybersecurity-vulnerability-detection-using-llm,Cybersecurity vulnerability detection using LLM - BRACU CSE,programs,2,webpage,200,,04c5881774c987b952e277aa75c650766a34b7172160f8aebd5ee6d40d5ad847,2026-09-17T09:25:26.040013+00:00
https://cse.bracu.ac.bd/thesis/synopsis/113/efficient-deep-learning-model-for-skin-disease-classification,Efficient deep learning model for skin disease classification - BRACU CSE,programs,2,webpage,200,,04c5881774c987b952e277aa75c650766a34b7172160f8aebd5ee6d40d5ad847,2026-09-17T09:25:29.521880+00:00
https://cse.bracu.ac.bd/thesis/synopsis/112/3d-visualization-of-2d360-image-and-navigation-in-virtual-reality-through-motion-processing-via-smartphone-sensors,3D visualization of 2D/360 image and navigation in virtual reality through motion processing via smartphone sensors - BRACU CSE,programs,2,webpage,200,output/pages/cse_bracu_ac_bd__thesis_synopsis_112_3d-visualization-of-2d360-image-and-navigation-in-virtual-reality-through-motion-processing-via-sma_7d98f4d819.md,3fcfd88a9000cfa668869a4bc131638511432ffd0e3beb4584f3540c4072d6d5,2026-09-17T09:25:33.391733+00:00
https://cse.bracu.ac.bd/thesis/synopsis/111/augmented-reality-education-system-in-developing-countries,Augmented reality education system in developing countries - BRACU CSE,programs,2,webpage,200,,3fcfd88a9000cfa668869a4bc131638511432ffd0e3beb4584f3540c4072d6d5,2026-09-17T09:25:36.990004+00:00
https://cse.bracu.ac.bd/thesis/synopsis/110/real-world-objects-augmentation-in-virtual-3d-environment-realsense-sdk-deep-learning-and-game-engine,"Real world objects augmentation in virtual 3D environment RealSense SDK, Deep Learning and Game Engine - BRACU CSE",programs,2,webpage,200,,3fcfd88a9000cfa668869a4bc131638511432ffd0e3beb4584f3540c4072d6d5,2026-09-17T09:25:40.576116+00:00
https://cse.bracu.ac.bd/thesis/synopsis/109/3d-brain-image-segmentation-using-3d-tiled-convolution-neural-networks,3D brain image segmentation using 3D tiled convolution neural networks - BRACU CSE,programs,2,webpage,200,,3fcfd88a9000cfa668869a4bc131638511432ffd0e3beb4584f3540c4072d6d5,2026-09-17T09:25:44.249655+00:00
https://cse.bracu.ac.bd/thesis/synopsis/108/detection-and-3d-visualization-of-brain-tumor-using-deep-learning-and-polynomial-interpolation,Detection and 3D visualization of brain tumor using deep learning and polynomial interpolation - BRACU CSE,programs,2,webpage,200,,3fcfd88a9000cfa668869a4bc131638511432ffd0e3beb4584f3540c4072d6d5,2026-09-17T09:25:47.848215+00:00
https://cse.bracu.ac.bd/thesis/synopsis/107/decentralized-federated-learning-and-deep-learning-leveraging-xai-based-approach-to-classify-colorectal-cancer,Decentralized federated learning and deep learning leveraging xai-based approach to classify colorectal cancer - BRACU CSE,programs,2,webpage,200,,3fcfd88a9000cfa668869a4bc131638511432ffd0e3beb4584f3540c4072d6d5,2026-09-17T09:25:51.398376+00:00
https://cse.bracu.ac.bd/thesis/synopsis/106/exploring-the-impact-of-display-field-of-view-and-display-type-on-text-readability-and-visual-text-search-on-large-displays-in-virtual-reality-impact-of-display-field-of-view,Exploring the Impact of Display Field-of-view and Display Type on Text Readability and Visual Text Search on Large Displays in Virtual Reality: Impact of Display Field-of-view - BRACU CSE,programs,2,webpage,200,,3fcfd88a9000cfa668869a4bc131638511432ffd0e3beb4584f3540c4072d6d5,2026-09-17T09:25:55.026450+00:00
https://cse.bracu.ac.bd/thesis/synopsis/105/early-detection-of-coronary-artery-blockage-using-image-processing-segmentation-quantification-identification-of-degree-of-blockage-and-risk-factors-of-heart-attack,"Early detection of coronary artery blockage using image processing: segmentation, quantification, identification of degree of blockage and risk factors of heart attack - BRACU CSE",programs,3,webpage,200,,3fcfd88a9000cfa668869a4bc131638511432ffd0e3beb4584f3540c4072d6d5,2026-09-17T09:25:58.647720+00:00
https://cse.bracu.ac.bd/thesis/synopsis/104/a-machine-learning-approach-to-detect-depression-and-anxiety-using-supervised-learning,A machine learning approach to detect depression and anxiety using supervised learning - BRACU CSE,programs,2,webpage,200,,3fcfd88a9000cfa668869a4bc131638511432ffd0e3beb4584f3540c4072d6d5,2026-09-17T09:26:02.359703+00:00
https://cse.bracu.ac.bd/thesis/synopsis/103/a-light-weight-deep-learning-approach-for-cervical-cancer-detection,A light-weight Deep Learning Approach for Cervical Cancer Detection - BRACU CSE,programs,2,webpage,200,,3fcfd88a9000cfa668869a4bc131638511432ffd0e3beb4584f3540c4072d6d5,2026-09-17T09:26:05.858813+00:00
https://cse.bracu.ac.bd/thesis/synopsis/102/efficient-neural-network-architectures-for-neurodegenerative-disease-detection,Efficient Neural Network Architectures for Neurodegenerative Disease Detection - BRACU CSE,programs,2,webpage,200,,3fcfd88a9000cfa668869a4bc131638511432ffd0e3beb4584f3540c4072d6d5,2026-09-17T09:26:09.422362+00:00
https://cse.bracu.ac.bd/thesis/synopsis/101/3d-glass-free-internet-tv-system-using-integral-imaging-,3D Glass-free Internet TV System using Integral Imaging  - BRACU CSE,programs,2,webpage,200,,3fcfd88a9000cfa668869a4bc131638511432ffd0e3beb4584f3540c4072d6d5,2026-09-17T09:26:13.055470+00:00
https://cse.bracu.ac.bd/thesis/synopsis/100/a-vision-transformer-based-hybrid-neural-architecture-for-automated-handwritten-bangla-character-recognition-and-braille-conversion-an-ultimate-solution-for-touch-to-feel-for-the-visually-impaired-,A Vision Transformer-Based Hybrid Neural Architecture for Automated Handwritten Bangla Character Recognition and Braille Conversion: an Ultimate Solution for Touch to Feel for the Visually Impaired  - BRACU CSE,programs,2,webpage,200,,3fcfd88a9000cfa668869a4bc131638511432ffd0e3beb4584f3540c4072d6d5,2026-09-17T09:26:16.615955+00:00
https://cse.bracu.ac.bd/thesis/synopsis/99/advanced-color-vision-techniques-for-normalizing-images-in-various-lighting-and-adverse-weather-conditions,Advanced Color Vision Techniques for Normalizing Images in Various Lighting and Adverse Weather Conditions - BRACU CSE,programs,2,webpage,200,,3fcfd88a9000cfa668869a4bc131638511432ffd0e3beb4584f3540c4072d6d5,2026-09-17T09:26:20.261825+00:00
https://cse.bracu.ac.bd/thesis/synopsis/98/balancing-user-privacy-and-business-needs-in-digital-identity-systems,Balancing User Privacy and Business Needs in Digital Identity Systems - BRACU CSE,programs,2,webpage,200,output/pages/cse_bracu_ac_bd__thesis_synopsis_98_balancing-user-privacy-and-business-needs-in-digital-identity-systems.md,13233cfa6390988f46da0b9cb2007ac160c4c911fca2c9dbbc87eb224731ce7b,2026-09-17T09:26:23.796687+00:00
https://cse.bracu.ac.bd/thesis/synopsis/96/disease-classification-and-progression-prediction-using-multi-omics-data-integration-with-deep-learning,Disease Classification and Progression Prediction Using Multi-Omics Data Integration with Deep Learning - BRACU CSE,programs,3,webpage,200,output/pages/cse_bracu_ac_bd__thesis_synopsis_96_disease-classification-and-progression-prediction-using-multi-omics-data-integration-with-deep-learning.md,726a0187a60f54e151c756ae191de0ef565833a825672ef0478b99a04f3a3a90,2026-09-17T09:26:27.900404+00:00
https://cse.bracu.ac.bd/thesis/synopsis/95/predicting-viral-host-range-from-genomic-sequences,Predicting Viral Host Range from Genomic Sequences - BRACU CSE,programs,3,webpage,200,output/pages/cse_bracu_ac_bd__thesis_synopsis_95_predicting-viral-host-range-from-genomic-sequences.md,6e2ad574c4420e32d7ad5d4d9286cfe3e039e7179d5b86259100d2212cac2ae2,2026-09-17T09:26:31.889465+00:00
https://cse.bracu.ac.bd/thesis/synopsis/94/probiotic-discovery-and-functional-prediction-from-bacterial-genomes,Probiotic Discovery and Functional Prediction from Bacterial Genomes - BRACU CSE,programs,3,webpage,200,output/pages/cse_bracu_ac_bd__thesis_synopsis_94_probiotic-discovery-and-functional-prediction-from-bacterial-genomes.md,35beea490865c5401b1f01c1f3ecdd0cd0447b58440a66eee6ec0f9b09cef557,2026-09-17T09:26:35.468699+00:00
https://cse.bracu.ac.bd/thesis/synopsis/93/predicting-antibiotic-resistance-in-bacterial-strains-from-genomic-data,Predicting Antibiotic Resistance in Bacterial Strains from Genomic Data - BRACU CSE,programs,3,webpage,200,output/pages/cse_bracu_ac_bd__thesis_synopsis_93_predicting-antibiotic-resistance-in-bacterial-strains-from-genomic-data.md,2952266b9aa73aade9b8e9eefbbb2d57f450defa57c9180acf423048332b88a2,2026-09-17T09:26:39.215440+00:00
https://cse.bracu.ac.bd/thesis/synopsis/92/epilepsyseizure-detection-from-eeg-signals,Epilepsy/Seizure Detection from EEG Signals - BRACU CSE,programs,3,webpage,200,output/pages/cse_bracu_ac_bd__thesis_synopsis_92_epilepsyseizure-detection-from-eeg-signals.md,20648f9f25132b2fda786041262984784a614141a69341b68557829b3b81f95b,2026-09-17T09:26:43.008111+00:00
https://cse.bracu.ac.bd/thesis/synopsis/90/breast-cancer-detection-from-mammography-histopathology-ultrasound-images,"Breast Cancer Detection from Mammography, Histopathology, & Ultrasound Images - BRACU CSE",programs,3,webpage,200,output/pages/cse_bracu_ac_bd__thesis_synopsis_90_breast-cancer-detection-from-mammography-histopathology-ultrasound-images.md,308f27d1b8f6ba663f49f48cff06593eb51553568c74f021ed2a4df645c6bff2,2026-09-17T09:26:46.952908+00:00
https://cse.bracu.ac.bd/thesis/synopsis/89/pancreas-segmentation-in-ct-images-for-cancer-detection,Pancreas Segmentation in CT Images for Cancer Detection - BRACU CSE,programs,3,webpage,200,output/pages/cse_bracu_ac_bd__thesis_synopsis_89_pancreas-segmentation-in-ct-images-for-cancer-detection.md,24ea91c8561bc1d9540f81b5720b42144228e242747d8e7873b903af57dfbe33,2026-09-17T09:26:50.819462+00:00
https://cse.bracu.ac.bd/thesis/synopsis/88/3d-mri-segmentation-for-brain-tumor-detection,3D MRI Segmentation for Brain Tumor Detection - BRACU CSE,programs,3,webpage,200,output/pages/cse_bracu_ac_bd__thesis_synopsis_88_3d-mri-segmentation-for-brain-tumor-detection.md,5f93c57e1bb122e38a6f6ef2a9deff1af374c4537819fc45d82aa39527269c81,2026-09-17T09:26:55.035543+00:00
https://cse.bracu.ac.bd/thesis/synopsis/86/ai-based-accessibility-for-people-with-disabilities-specially-blindness,"AI based accessibility for people with disabilities, specially blindness - BRACU CSE",programs,2,webpage,200,output/pages/cse_bracu_ac_bd__thesis_synopsis_86_ai-based-accessibility-for-people-with-disabilities-specially-blindness.md,e99ddb090cad2f54714950c6f2e2a1486afd053c2c7aa62a003a87815454bcb6,2026-09-17T09:26:58.513630+00:00
https://cse.bracu.ac.bd/thesis/synopsis/84/human-robot-interaction,Human Robot Interaction - BRACU CSE,programs,2,webpage,200,output/pages/cse_bracu_ac_bd__thesis_synopsis_84_human-robot-interaction.md,452067e5665824aa9e4507390cf2ac9bdf850597caada02cbe8156e735e0b04f,2026-09-17T09:27:02.160368+00:00
https://cse.bracu.ac.bd/thesis/synopsis/76/some-of-the-recent-publications,Some of the Recent Publications - BRACU CSE,programs,1,webpage,200,output/pages/cse_bracu_ac_bd__thesis_synopsis_76_some-of-the-recent-publications.md,a775dbc157422009a537c090157d868453ddc9634d43e7953d9bdf3bf57d821f,2026-09-17T09:27:05.887622+00:00
https://cse.bracu.ac.bd/thesis/synopsis/75/large-language-model-(llm)-based-software-engineering-enhancing-development-efficiency-and-innovation,Large Language Model (LLM)-Based Software Engineering: Enhancing Development Efficiency and Innovation - BRACU CSE,programs,2,webpage,200,output/pages/cse_bracu_ac_bd__thesis_synopsis_75_large-language-model-_llm_-based-software-engineering-enhancing-development-efficiency-and-innovation.md,75098ced0702ac7fa9b90d4e04d39b4d8e2847970f8ec284a455acb7658ac0e1,2026-09-17T09:27:09.653704+00:00
https://cse.bracu.ac.bd/thesis/synopsis/74/quantum-neural-network-(qnn),Quantum Neural Network (QNN) - BRACU CSE,programs,2,webpage,200,output/pages/cse_bracu_ac_bd__thesis_synopsis_74_quantum-neural-network-_qnn.md,453dd881201bc59ea42a621e0911bdbd90a7c13521895bc53e5a078c6cf3dbbc,2026-09-17T09:27:13.309776+00:00
https://cse.bracu.ac.bd/thesis/synopsis/73/spiking-neural-network-(snn),Spiking Neural Network (SNN) - BRACU CSE,admissions,1,webpage,200,output/pages/cse_bracu_ac_bd__thesis_synopsis_73_spiking-neural-network-_snn.md,c8dab3586bc0828443c91f30251d60a102aeeffbac3082c8952b8bce29225d54,2026-09-17T09:27:16.924687+00:00
https://cse.bracu.ac.bd/thesis/synopsis/72/ai-for-health-and-life-science,AI for Health and Life Science - BRACU CSE,programs,2,webpage,200,output/pages/cse_bracu_ac_bd__thesis_synopsis_72_ai-for-health-and-life-science.md,f79111b95c3fabc383388b97feba0571ced114bd9213a79b3fc3e9a8c09eb54c,2026-09-17T09:27:20.444235+00:00
https://cse.bracu.ac.bd/thesis/synopsis/71/natural-language-driven-user-experience-(nlux)-and-hci,Natural Language Driven User Experience (NLUX) and HCI - BRACU CSE,programs,2,webpage,200,,f79111b95c3fabc383388b97feba0571ced114bd9213a79b3fc3e9a8c09eb54c,2026-09-17T09:27:24.051296+00:00
https://cse.bracu.ac.bd/thesis/synopsis/70/software-testing-engineering-and-architecture,"Software Testing, Engineering and Architecture - BRACU CSE",programs,2,webpage,200,,f79111b95c3fabc383388b97feba0571ced114bd9213a79b3fc3e9a8c09eb54c,2026-09-17T09:27:27.619426+00:00
https://cse.bracu.ac.bd/thesis/synopsis/69/elearning-ict-for-development-(ict4d)-education-(ict4ed),"eLearning, ICT for Development (ICT4D), Education (ICT4ED) - BRACU CSE",programs,2,webpage,200,,f79111b95c3fabc383388b97feba0571ced114bd9213a79b3fc3e9a8c09eb54c,2026-09-17T09:27:31.234731+00:00
https://cse.bracu.ac.bd/thesis/synopsis/65/vision-(computer-vision-and-machine-vision),Vision (Computer Vision and Machine Vision) - BRACU CSE,programs,2,webpage,200,output/pages/cse_bracu_ac_bd__thesis_synopsis_65_vision-_computer-vision-and-machine-vision.md,c8b751a839d70b788b62699f23bdc267f550ea44653ac948e7c50c52d4d56531,2026-09-17T09:27:34.733917+00:00
https://cse.bracu.ac.bd/thesis/synopsis/64/cybersecurity-and-ethical-hacking,Cybersecurity and Ethical Hacking - BRACU CSE,programs,1,webpage,200,output/pages/cse_bracu_ac_bd__thesis_synopsis_64_cybersecurity-and-ethical-hacking.md,0c00fb9726c66cb49ccf1117455d8983a5efd8f18479747e8b51e9c987f496fb,2026-09-17T09:27:38.236035+00:00
https://cse.bracu.ac.bd/thesis/synopsis/63/applications-of-computer-modeling-simulation-(m-s),Applications of Computer Modeling & Simulation (M&S) - BRACU CSE,programs,3,webpage,200,output/pages/cse_bracu_ac_bd__thesis_synopsis_63_applications-of-computer-modeling-simulation-_m-s.md,76678312837f587c36312a17cff9fe5bd9151e87c4947246217910f517d26d1a,2026-09-17T09:27:41.802712+00:00
https://cse.bracu.ac.bd/thesis/synopsis/62/preserving-digital-integrity-advancements-in-deepfake-detection,Preserving Digital Integrity: Advancements in DeepFake Detection - BRACU CSE,programs,3,webpage,200,output/pages/cse_bracu_ac_bd__thesis_synopsis_62_preserving-digital-integrity-advancements-in-deepfake-detection.md,6e0eff23ad9ec5584c02de8413753fd48fff6ba5759a8d3c600577e6c40934ab,2026-09-17T09:27:46.363673+00:00
https://cse.bracu.ac.bd/thesis/synopsis/61/augmented-reality-navigation-for-the-visually-impaired,Augmented Reality Navigation for the Visually Impaired - BRACU CSE,programs,3,webpage,200,output/pages/cse_bracu_ac_bd__thesis_synopsis_61_augmented-reality-navigation-for-the-visually-impaired.md,3730b812b7cff4be4c8ae163b4c7a0472ba09e63ca1430f2180b982482f20dfb,2026-09-17T09:27:49.865044+00:00
https://cse.bracu.ac.bd/thesis/synopsis/60/role-of-generative-ai-in-cybersecurity,Role Of Generative AI In Cybersecurity - BRACU CSE,programs,2,webpage,200,output/pages/cse_bracu_ac_bd__thesis_synopsis_60_role-of-generative-ai-in-cybersecurity.md,0fb8f8e563ead3d488d094cc3caa42ed17c380650556b6698b0fb59bfc93e549,2026-09-17T09:27:53.510276+00:00
https://cse.bracu.ac.bd/thesis/synopsis/59/enhancing-the-performance-of-machine-learning-algorithm-in-classifying-iot-botnet-attacks-,Enhancing the Performance of Machine Learning Algorithm in Classifying IoT BotNet Attacks  - BRACU CSE,programs,2,webpage,200,output/pages/cse_bracu_ac_bd__thesis_synopsis_59_enhancing-the-performance-of-machine-learning-algorithm-in-classifying-iot-botnet-attacks-.md,6f50fcbe7b84b589df9140844c9e14d6df090be2fa5f1a0f380df8e6edea5aec,2026-09-17T09:27:57.085235+00:00
https://cse.bracu.ac.bd/thesis/synopsis/58/augmented-intelligence-of-things-for-vehicle-road-cooperation-systems,Augmented Intelligence of Things for Vehicle Road Cooperation Systems - BRACU CSE,programs,2,webpage,200,output/pages/cse_bracu_ac_bd__thesis_synopsis_58_augmented-intelligence-of-things-for-vehicle-road-cooperation-systems.md,cfafd1feb508d797a3c7b6dad814a9c0fd145f78684bb695fd803e18f60e47b9,2026-09-17T09:28:00.704932+00:00
https://cse.bracu.ac.bd/thesis/synopsis/57/movement-detection-in-indoor-positioning-systems-of-production-halls,Movement Detection in Indoor Positioning Systems of Production Halls - BRACU CSE,programs,2,webpage,200,output/pages/cse_bracu_ac_bd__thesis_synopsis_57_movement-detection-in-indoor-positioning-systems-of-production-halls.md,9b69b8e705fa0e13b5abc443384cb76eab2b53afe47089aa039dd8305fb08b1b,2026-09-17T09:28:04.375575+00:00
https://cse.bracu.ac.bd/thesis/synopsis/56/trust-management,Trust Management - BRACU CSE,programs,2,webpage,200,output/pages/cse_bracu_ac_bd__thesis_synopsis_56_trust-management.md,ac63fb2b503058d6b750fe904f52cd71f0fbca47025e27e543ef5fef30eaba42,2026-09-17T09:28:07.907787+00:00
https://cse.bracu.ac.bd/thesis/synopsis/55/identity-management,Identity Management - BRACU CSE,programs,2,webpage,200,,ac63fb2b503058d6b750fe904f52cd71f0fbca47025e27e543ef5fef30eaba42,2026-09-17T09:28:11.447725+00:00
https://cse.bracu.ac.bd/thesis/synopsis/54/security-and-privacy,Security and Privacy - BRACU CSE,programs,2,webpage,200,,ac63fb2b503058d6b750fe904f52cd71f0fbca47025e27e543ef5fef30eaba42,2026-09-17T09:28:14.976752+00:00
https://cse.bracu.ac.bd/thesis/synopsis/53/blockchain,Blockchain - BRACU CSE,programs,2,webpage,200,,ac63fb2b503058d6b750fe904f52cd71f0fbca47025e27e543ef5fef30eaba42,2026-09-17T09:28:18.685896+00:00
https://cse.bracu.ac.bd/thesis/synopsis/52/cryptographic-protocols-for-secure-multi-party-computation,Cryptographic Protocols for Secure Multi-Party Computation - BRACU CSE,programs,2,webpage,200,output/pages/cse_bracu_ac_bd__thesis_synopsis_52_cryptographic-protocols-for-secure-multi-party-computation.md,e5f5bc1309117aad9a82f2b1fba4a43c59fb67a7c369102666fe38bfeedf1660,2026-09-17T09:28:22.197728+00:00
https://cse.bracu.ac.bd/thesis/synopsis/51/ai-enhanced-security-analytics,AI-Enhanced Security Analytics - BRACU CSE,programs,2,webpage,200,output/pages/cse_bracu_ac_bd__thesis_synopsis_51_ai-enhanced-security-analytics.md,4ec9e5c5a4ef4270e0876f25926da5ad34ec9cf5b3cfcaf0d40b64801551ff49,2026-09-17T09:28:25.710028+00:00
https://cse.bracu.ac.bd/thesis/synopsis/49/utilizing-computer-vision-for-detecting-human-behavior-emotions-and-cognitive-responses-an-application-in-enhancing-student-engagement,"Utilizing Computer Vision for Detecting Human Behavior, Emotions, and Cognitive Responses: An Application in Enhancing Student Engagement - BRACU CSE",admissions,1,webpage,200,output/pages/cse_bracu_ac_bd__thesis_synopsis_49_utilizing-computer-vision-for-detecting-human-behavior-emotions-and-cognitive-responses-an-applicati_b0680c7ff2.md,4e49563a377c26851ec441ca8ec7d91e0933536b55f7f453f23c9e3279aa703f,2026-09-17T09:28:29.301978+00:00
https://cse.bracu.ac.bd/thesis/synopsis/48/application-of-machine-leraning-in-network-bandwidth-slicing,Application of Machine Leraning in network bandwidth Slicing - BRACU CSE,programs,2,webpage,200,output/pages/cse_bracu_ac_bd__thesis_synopsis_48_application-of-machine-leraning-in-network-bandwidth-slicing.md,e966a989fff0a62f8a848aed5e249a2082d7d8309aff0c9832cfaa020eb98cee,2026-09-17T09:28:32.905802+00:00
https://cse.bracu.ac.bd/thesis/synopsis/47/application-of-internet-of-behaviour-(iob),Application of Internet of Behaviour (IoB) - BRACU CSE,programs,2,webpage,200,,e966a989fff0a62f8a848aed5e249a2082d7d8309aff0c9832cfaa020eb98cee,2026-09-17T09:28:36.384124+00:00
https://cse.bracu.ac.bd/thesis/synopsis/46/various-aspects-of-software-defined-networking-(sdn),Various Aspects of Software Defined Networking (SDN) - BRACU CSE,programs,2,webpage,200,,e966a989fff0a62f8a848aed5e249a2082d7d8309aff0c9832cfaa020eb98cee,2026-09-17T09:28:39.908881+00:00
https://cse.bracu.ac.bd/thesis/synopsis/45/building-automated-testing-tools-for-inspecting-the-vulnerabilities-of-a-website-using-a-neural-network,Building automated testing tools for inspecting the vulnerabilities of a website using a neural network - BRACU CSE,admissions,1,webpage,200,output/pages/cse_bracu_ac_bd__thesis_synopsis_45_building-automated-testing-tools-for-inspecting-the-vulnerabilities-of-a-website-using-a-neural-network.md,251c0a4a568d351dd22a5572cc132cbeac273ba2394cb27f7b4d24328e2c9dbf,2026-09-17T09:28:43.472319+00:00
https://cse.bracu.ac.bd/thesis/synopsis/44/investigate-the-use-of-transformers-in-generating-dockers-or-docker-compose-yaml-which-could-be-used-in-cicd,Investigate the use of transformers in generating Dockers or Docker-compose yaml which could be used in CI/CD - BRACU CSE,admissions,1,webpage,200,output/pages/cse_bracu_ac_bd__thesis_synopsis_44_investigate-the-use-of-transformers-in-generating-dockers-or-docker-compose-yaml-which-could-be-used-in-cicd.md,c1e387161c0ee4e1e371a47918d0b06228fba3252e988cd5bff539226a76c366,2026-09-17T09:28:47.175641+00:00
https://cse.bracu.ac.bd/thesis/synopsis/43/develop-a-large-language-model-capable-of-generating-bangla-government-papers,Develop a large language model capable of generating Bangla Government papers - BRACU CSE,programs,3,webpage,200,output/pages/cse_bracu_ac_bd__thesis_synopsis_43_develop-a-large-language-model-capable-of-generating-bangla-government-papers.md,226aebe3fd7459106e42ac0d117bcc6b4f8bacbccd20131a81aecbfe13f51507,2026-09-17T09:28:50.761360+00:00
https://cse.bracu.ac.bd/thesis/synopsis/42/application-of-u-net-architecture-in-medical-domain,Application of U-net architecture in Medical domain - BRACU CSE,programs,2,webpage,200,output/pages/cse_bracu_ac_bd__thesis_synopsis_42_application-of-u-net-architecture-in-medical-domain.md,72eaf2e38771b9ee54a154a5071fa48adc222dbe714e6368d1984d9f643997d0,2026-09-17T09:28:54.313621+00:00
https://cse.bracu.ac.bd/thesis/synopsis/41/application-of-ml-in-agriculture,Application of ML in Agriculture - BRACU CSE,programs,2,webpage,200,,e966a989fff0a62f8a848aed5e249a2082d7d8309aff0c9832cfaa020eb98cee,2026-09-17T09:28:57.816075+00:00
https://cse.bracu.ac.bd/thesis/synopsis/40/abnormal-behaviour-detection,Abnormal behaviour detection - BRACU CSE,programs,2,webpage,200,,e966a989fff0a62f8a848aed5e249a2082d7d8309aff0c9832cfaa020eb98cee,2026-09-17T09:29:01.383367+00:00
https://cse.bracu.ac.bd/thesis/synopsis/39/application-of-tinyml,Application of TinyML - BRACU CSE,admissions,1,webpage,200,output/pages/cse_bracu_ac_bd__thesis_synopsis_39_application-of-tinyml.md,df69970150b74201ce0e69a9bcf365a9e144eedf0a2c7eb85d3bb66ce1d13ada,2026-09-17T09:29:05.054770+00:00
https://cse.bracu.ac.bd/thesis/synopsis/38/human-centric-explainable-ai-framework-for-enhanced-diagnostic-accuracy-in-healthcare,Human-Centric Explainable AI Framework for Enhanced Diagnostic Accuracy in Healthcare - BRACU CSE,programs,3,webpage,200,output/pages/cse_bracu_ac_bd__thesis_synopsis_38_human-centric-explainable-ai-framework-for-enhanced-diagnostic-accuracy-in-healthcare.md,c1bd2e30aade1c05e245db7e07fdc17f3161326c24092e089d3a740ce92f65d2,2026-09-17T09:29:08.628293+00:00
https://cse.bracu.ac.bd/thesis/synopsis/37/a-machine-learning-based-inference-and-analysis-of-crop-production-based-on-climate-parameters-in-bangladesh,A machine learning-based inference and analysis of crop production based on climate parameters in Bangladesh - BRACU CSE,programs,3,webpage,200,output/pages/cse_bracu_ac_bd__thesis_synopsis_37_a-machine-learning-based-inference-and-analysis-of-crop-production-based-on-climate-parameters-in-bangladesh.md,23fa2f22d572ef5a1c82cdfe9628ab8ab528080fd5bd9d2ca4872b49c660bdab,2026-09-17T09:29:12.200077+00:00
https://cse.bracu.ac.bd/thesis/synopsis/36/on-the-evolutionary-properties-of-fix-inducing-changes,On the Evolutionary Properties of Fix Inducing Changes - BRACU CSE,programs,2,webpage,200,output/pages/cse_bracu_ac_bd__thesis_synopsis_36_on-the-evolutionary-properties-of-fix-inducing-changes.md,cb3c37eaefd7b068c65318d00de7bca3b95ffc38681fda86d87bbf963fa15f7b,2026-09-17T09:29:15.786309+00:00
https://cse.bracu.ac.bd/thesis/synopsis/35/impact-of-label-noise-and-efficacy-of-noise-filters-in-software-defect-prediction,Impact of label noise and efficacy of noise filters in software defect prediction - BRACU CSE,programs,2,webpage,200,output/pages/cse_bracu_ac_bd__thesis_synopsis_35_impact-of-label-noise-and-efficacy-of-noise-filters-in-software-defect-prediction.md,9321a7ca3d85f5d96efd4cb7470645f814eb8bb423752fcba2f4740152224fa2,2026-09-17T09:29:19.352100+00:00
https://cse.bracu.ac.bd/thesis/synopsis/34/automated-repair-of-asymmetric-web-pages-during-resolution-of-mobile-friendly-problems,Automated Repair of Asymmetric Web Pages during Resolution of Mobile Friendly Problems - BRACU CSE,programs,3,webpage,200,output/pages/cse_bracu_ac_bd__thesis_synopsis_34_automated-repair-of-asymmetric-web-pages-during-resolution-of-mobile-friendly-problems.md,c837b0af8d0ec66d87c4523ca6bd54872b0556216fbe6ac3750d169c6fc71965,2026-09-17T09:29:23.079555+00:00
https://cse.bracu.ac.bd/thesis/synopsis/33/solving-the-contextual-bandit-problem-in-stochastic-adversarial-setting-using-an-online-classification-oracle-or-an-offline-regression-oracle,"Solving the contextual bandit problem in stochastic, adversarial setting using an online classification oracle or an offline regression oracle. - BRACU CSE",programs,2,webpage,200,output/pages/cse_bracu_ac_bd__thesis_synopsis_33_solving-the-contextual-bandit-problem-in-stochastic-adversarial-setting-using-an-online-classificati_842beb728f.md,f3e480f117da28df17143bf29e22732584f9210345a922eca9cd55b49b25ff95,2026-09-17T09:29:26.646595+00:00
https://cse.bracu.ac.bd/thesis/synopsis/32/applications-of-parallel-distributed-and-high-performance-computing-(hpc),"Applications of Parallel, Distributed, and High-Performance Computing (HPC) - BRACU CSE",programs,3,webpage,200,output/pages/cse_bracu_ac_bd__thesis_synopsis_32_applications-of-parallel-distributed-and-high-performance-computing-_hpc.md,2a2a6901574b4adbe572daa82b2705597bd9df2c18159de5f27a19422bbfcdf4,2026-09-17T09:29:30.123653+00:00
https://cse.bracu.ac.bd/thesis/synopsis/31/applications-of-data-science-(ds)-and-pattern-recognition-(pr),Applications of Data Science (DS) and Pattern Recognition (PR) - BRACU CSE,library,2,webpage,200,output/pages/cse_bracu_ac_bd__thesis_synopsis_31_applications-of-data-science-_ds_-and-pattern-recognition-_pr.md,91dd31bb140148e718010543f9a72ae1fc61a80e0e8ec94b0e67d5a3cad0a90e,2026-09-17T09:29:33.704778+00:00
https://cse.bracu.ac.bd/thesis/synopsis/30/applications-of-natural-language-processing-(nlp),Applications of Natural Language Processing (NLP) - BRACU CSE,admissions,1,webpage,200,output/pages/cse_bracu_ac_bd__thesis_synopsis_30_applications-of-natural-language-processing-_nlp.md,36b9e0f257518cc8fe3f48baa35b3864210ec1c52e1daf2fcdcad148e40cbc19,2026-09-17T09:29:37.256267+00:00
https://cse.bracu.ac.bd/thesis/synopsis/29/exploring-the-application-of-generative-adversarial-networks-(gans)-in-medical-imaging-enhancing-medical-diagnosis-accuracy-through-deep-learning,Exploring the Application of Generative Adversarial Networks (GANs) in Medical Imaging: Enhancing Medical Diagnosis Accuracy through Deep Learning - BRACU CSE,general,1,webpage,200,output/pages/cse_bracu_ac_bd__thesis_synopsis_29_exploring-the-application-of-generative-adversarial-networks-_gans_-in-medical-imaging-enhancing-med_a03586bf30.md,3b6f2b865b83bdf0ebbd2e229f17b475549496bee729d8d34883beb030dc2801,2026-09-17T09:29:40.895710+00:00
https://cse.bracu.ac.bd/thesis/synopsis/28/robot-learning,Robot Learning - BRACU CSE,programs,2,webpage,200,output/pages/cse_bracu_ac_bd__thesis_synopsis_28_robot-learning.md,c98f9c70e14266675fbcdf1c92eea882d18966f2b8cc44bf08306951dac1820a,2026-09-17T09:29:44.397238+00:00
https://cse.bracu.ac.bd/thesis/synopsis/27/natural-language-processing---usage-and-scope-in-modern-day-data,Natural Language Processing - Usage and Scope in Modern Day Data - BRACU CSE,programs,2,webpage,200,output/pages/cse_bracu_ac_bd__thesis_synopsis_27_natural-language-processing---usage-and-scope-in-modern-day-data.md,f62a6d12add149b7ee39b28977936f48e68739c9b5a7cf2b4051ea949d01472d,2026-09-17T09:29:47.912755+00:00
https://cse.bracu.ac.bd/thesis/synopsis/26/leaf-disease-detection-using-convolution-neural-network-and-other-deep-learning-techniques,Leaf Disease Detection using Convolution Neural Network and Other Deep learning Techniques - BRACU CSE,programs,2,webpage,200,output/pages/cse_bracu_ac_bd__thesis_synopsis_26_leaf-disease-detection-using-convolution-neural-network-and-other-deep-learning-techniques.md,7e8f8e388db41b84078efaee16a2cae06e11bbef2f59180c593de2523f22214c,2026-09-17T09:29:51.407333+00:00
https://cse.bracu.ac.bd/thesis/synopsis/25/leveraging-deep-learning-and-object-detection-techniques-to-produce-feasible-search-and-rescue-process-solutions-after-natural-calamities-in-bangladesh-,Leveraging Deep Learning and Object Detection Techniques to Produce Feasible Search and Rescue Process Solutions after Natural Calamities in Bangladesh  - BRACU CSE,admissions,1,webpage,200,output/pages/cse_bracu_ac_bd__thesis_synopsis_25_leveraging-deep-learning-and-object-detection-techniques-to-produce-feasible-search-and-rescue-proce_1e9e982885.md,b6560932a8b8a7af4cb8e8789f0bc0e08ef53fb1a3ddba1edff07f30ce0f7bd8,2026-09-17T09:29:55.072895+00:00
https://cse.bracu.ac.bd/thesis/synopsis/24/bangla-sign-language-detection-using-deep-learning-techniques,Bangla Sign Language Detection using Deep Learning Techniques - BRACU CSE,general,1,webpage,200,output/pages/cse_bracu_ac_bd__thesis_synopsis_24_bangla-sign-language-detection-using-deep-learning-techniques.md,c61c0d9d3e67dc5dae0644a5cbc27ed77722a7e9fc108942ce76c816e54dae8d,2026-09-17T09:29:58.570810+00:00
https://cse.bracu.ac.bd/thesis/synopsis/23/deep-learning-based-medical-image-segmentation-and-classification-,Deep Learning based Medical Image Segmentation and Classification  - BRACU CSE,programs,2,webpage,200,output/pages/cse_bracu_ac_bd__thesis_synopsis_23_deep-learning-based-medical-image-segmentation-and-classification-.md,7af994f0225dc60259cc30ee7f29d922571a12c060cd9323fc6b01f225478ee0,2026-09-17T09:30:02.133179+00:00
https://cse.bracu.ac.bd/thesis/synopsis/22/systematic-security-testing-and-evaluation-frameworks-for-agentic-ai,Systematic security testing and evaluation frameworks for Agentic AI - BRACU CSE,programs,2,webpage,200,output/pages/cse_bracu_ac_bd__thesis_synopsis_22_systematic-security-testing-and-evaluation-frameworks-for-agentic-ai.md,9c866824a844ff1b8e000ba26309c265b24d88db7e9e1609f7b1ce14fd611fac,2026-09-17T09:30:06.043021+00:00
https://cse.bracu.ac.bd/thesis/synopsis/21/mutation-testing-of-deep-learning-model,Mutation Testing of Deep Learning Model - BRACU CSE,programs,2,webpage,200,output/pages/cse_bracu_ac_bd__thesis_synopsis_21_mutation-testing-of-deep-learning-model.md,61f5e7f6c832e245a063c72dc1ffa83be20d566a5ab7c823035a718c16f505ea,2026-09-17T09:30:09.632567+00:00
https://cse.bracu.ac.bd/thesis/synopsis/20/emotion-ai-emotionomics-neuromarketing-and-mining-mind,"Emotion AI: Emotionomics, Neuromarketing and Mining Mind - BRACU CSE",programs,2,webpage,200,output/pages/cse_bracu_ac_bd__thesis_synopsis_20_emotion-ai-emotionomics-neuromarketing-and-mining-mind.md,a3baa3a7fa59a30450bc8f204e77b5b59a5011e26a3078cd4ea07e0e7ed0e7d1,2026-09-17T09:30:13.198049+00:00
https://cse.bracu.ac.bd/thesis/synopsis/19/intelligence-assisted-learning,Intelligence-assisted learning - BRACU CSE,programs,4,webpage,200,output/pages/cse_bracu_ac_bd__thesis_synopsis_19_intelligence-assisted-learning.md,4736e84cb7ebcfb6050d475188573fe586d4bf7f320be2b798363c1411faa334,2026-09-17T09:30:17.035529+00:00
https://cse.bracu.ac.bd/thesis/synopsis/18/affective-anthropomorphic-intelligent-system-for-artificial-general-intelligence,Affective Anthropomorphic Intelligent System for Artificial General Intelligence - BRACU CSE,programs,3,webpage,200,output/pages/cse_bracu_ac_bd__thesis_synopsis_18_affective-anthropomorphic-intelligent-system-for-artificial-general-intelligence.md,7d8603047a0a277799fa4ce1eccd42cd64901e66ce124e0916235d818f849782,2026-09-17T09:30:20.584263+00:00
https://cse.bracu.ac.bd/thesis/synopsis/17/enhancing-real-time-video-classification-accuracy-using-deep-learning-and-improved-preprocessing-techniques,Enhancing Real-time Video Classification Accuracy using Deep Learning and Improved Preprocessing Techniques - BRACU CSE,admissions,1,webpage,200,output/pages/cse_bracu_ac_bd__thesis_synopsis_17_enhancing-real-time-video-classification-accuracy-using-deep-learning-and-improved-preprocessing-techniques.md,f29719ba1730e3207876dd92b2c6466237377a8cde84687c70de913428375c03,2026-09-17T09:30:24.250481+00:00
https://cse.bracu.ac.bd/thesis/synopsis/16/an-explainable-machine-learning-system-for-accurate-and-reliable-detection-of-crop-pests-and-diseases,An Explainable Machine Learning System for Accurate and Reliable Detection of Crop Pests and Diseases - BRACU CSE,programs,2,webpage,200,output/pages/cse_bracu_ac_bd__thesis_synopsis_16_an-explainable-machine-learning-system-for-accurate-and-reliable-detection-of-crop-pests-and-diseases.md,1fd95955d4fb3ffd630dc270d5595fec9f23864943471c45794e724779c1a61a,2026-09-17T09:30:27.916275+00:00
https://cse.bracu.ac.bd/thesis/synopsis/14/ai-assisted-code-generation-tools-a-new-frontier-in-software-development,AI-Assisted Code Generation Tools: A New Frontier in Software Development - BRACU CSE,programs,4,webpage,200,output/pages/cse_bracu_ac_bd__thesis_synopsis_14_ai-assisted-code-generation-tools-a-new-frontier-in-software-development.md,dfffb4fa43e8f083fa7dfc9f4ab73a13cfa18ea67cc696227af4a12351a8e31d,2026-09-17T09:30:31.515752+00:00
https://cse.bracu.ac.bd/thesis/synopsis/13/self-sovereign-identity-(ssi),Self-sovereign Identity (SSI) - BRACU CSE,programs,2,webpage,200,output/pages/cse_bracu_ac_bd__thesis_synopsis_13_self-sovereign-identity-_ssi.md,305b4db4a7980a51a616c03c4f71fd7d15c23587b13b38b3fe1c0341239e90f8,2026-09-17T09:30:35.156315+00:00
https://cse.bracu.ac.bd/thesis/synopsis/12/prediction-of-traffic-status-in-near-future,Prediction of traffic status in near future - BRACU CSE,programs,2,webpage,200,output/pages/cse_bracu_ac_bd__thesis_synopsis_12_prediction-of-traffic-status-in-near-future.md,05415dfb7f49c4c858912decd8ba2135bc64f8eec4452548c7fb5dc35f866273,2026-09-17T09:30:38.666287+00:00
https://cse.bracu.ac.bd/career/view/6,BRACU CSE,admissions,3,webpage,200,output/pages/cse_bracu_ac_bd__career_view_6.md,b4b8a233767e2faba99fd1777b24bf703c12f2d894e133c99d40609bb402e7ca,2026-09-17T09:30:42.167885+00:00
https://cse.bracu.ac.bd/notice/view/4/cse-course-sequence-change-notice,BRACU CSE,programs,3,webpage,200,output/pages/cse_bracu_ac_bd__notice_view_4_cse-course-sequence-change-notice.md,2821759fd21ff472c3b894c19d9f9eca51854ffb668dae2bff74ce167b1acf4e,2026-09-17T09:30:45.662425+00:00
https://cse.bracu.ac.bd/notice/view/3/vacancy-for-full-time-cse-faculty-at-bracu,BRACU CSE,admissions,2,webpage,200,output/pages/cse_bracu_ac_bd__notice_view_3_vacancy-for-full-time-cse-faculty-at-bracu.md,9d1be7b864c61c0426da64a702869d63d8437e2db352d74e744657f6f818c397,2026-09-17T09:30:49.283627+00:00
https://cse.bracu.ac.bd/faculty_profile/17/gazi_hasin_ishrak,Gazi Hasin Ishrak - BRACU CSE,programs,6,webpage,200,output/pages/cse_bracu_ac_bd__faculty_profile_17_gazi_hasin_ishrak.md,4c8b05d599386130df672f914af6dc3aa8ac5b30c109b730617b2b050b88f9f3,2026-09-17T09:30:52.865596+00:00
https://cse.bracu.ac.bd/faculty_profile/44/kabbya_kantam_patwary,Kabbya Kantam Patwary - BRACU CSE,general,1,webpage,200,output/pages/cse_bracu_ac_bd__faculty_profile_44_kabbya_kantam_patwary.md,c783a8c4615c7142cf163082430f9faf8c3fb12600401adaab0b356231374c48,2026-09-17T09:30:56.412765+00:00
https://cse.bracu.ac.bd/faculty_profile/146/mr_shadman_shahriar,Mr. Shadman Shahriar - BRACU CSE,general,1,webpage,200,output/pages/cse_bracu_ac_bd__faculty_profile_146_mr_shadman_shahriar.md,b6d13d56780d30e70c718cdbae020228103051716dfd566524dccea9344d8c7a,2026-09-17T09:31:00.006450+00:00
https://cse.bracu.ac.bd/faculty_profile/126/mr_md_shazid_bin_mahbub,Mr. Md. Shazid Bin Mahbub - BRACU CSE,general,1,webpage,200,output/pages/cse_bracu_ac_bd__faculty_profile_126_mr_md_shazid_bin_mahbub.md,07e1c57900d9c30682d2abfe0e3e580d0c4130a6dbb25756ab1cc1d4ef0b7772,2026-09-17T09:31:03.638121+00:00
https://cse.bracu.ac.bd/faculty_profile/73/abu_mohammad_khan,Abu Mohammad Khan - BRACU CSE,general,1,webpage,200,output/pages/cse_bracu_ac_bd__faculty_profile_73_abu_mohammad_khan.md,3385dd3dceca43d9348163a8b4749417784a1a256f7cfc49bfe21104105e8463,2026-09-17T09:31:07.305682+00:00
https://www.bracu.ac.bd/about/people/md-khalilur-rhaman-phd,Just a moment...,general,1,webpage,403,,1f78e202eee9fa7236ae754c3bf736eb085cd0a796d782e4a1945a629cf80ca2,2026-09-17T09:31:10.139175+00:00
https://www.bracu.ac.bd/about/people/md-golam-rabiul-alam-phd,Just a moment...,general,1,webpage,403,,1f78e202eee9fa7236ae754c3bf736eb085cd0a796d782e4a1945a629cf80ca2,2026-09-17T09:31:12.815542+00:00
https://www.bracu.ac.bd/about/people/amitabha-chakrabarty-phd,Just a moment...,general,1,webpage,403,,1f78e202eee9fa7236ae754c3bf736eb085cd0a796d782e4a1945a629cf80ca2,2026-09-17T09:31:15.485392+00:00
https://www.bracu.ac.bd/about/people/md-ashraful-alam-phd,Just a moment...,general,1,webpage,403,,1f78e202eee9fa7236ae754c3bf736eb085cd0a796d782e4a1945a629cf80ca2,2026-09-17T09:31:18.170042+00:00
https://www.bracu.ac.bd/about/people/mr-annajiat-alim-rasel,Just a moment...,general,1,webpage,403,,1f78e202eee9fa7236ae754c3bf736eb085cd0a796d782e4a1945a629cf80ca2,2026-09-17T09:31:20.848570+00:00
https://www.bracu.ac.bd/about/people/md-tawhid-anwar,Just a moment...,general,1,webpage,403,,1f78e202eee9fa7236ae754c3bf736eb085cd0a796d782e4a1945a629cf80ca2,2026-09-17T09:31:23.570522+00:00
https://www.bracu.ac.bd/about/people/md-sabbir-ahmed,Just a moment...,general,1,webpage,403,,1f78e202eee9fa7236ae754c3bf736eb085cd0a796d782e4a1945a629cf80ca2,2026-09-17T09:31:26.260351+00:00
https://www.bracu.ac.bd/about/people/shoaib-ahmed-dipu,Just a moment...,general,1,webpage,403,,1f78e202eee9fa7236ae754c3bf736eb085cd0a796d782e4a1945a629cf80ca2,2026-09-17T09:31:28.950352+00:00
https://www.bracu.ac.bd/about/people/khondoker-nazia-iqbal,Just a moment...,general,1,webpage,403,,1f78e202eee9fa7236ae754c3bf736eb085cd0a796d782e4a1945a629cf80ca2,2026-09-17T09:31:31.714176+00:00
https://www.bracu.ac.bd/about/people/md-shahriar-rahman,Just a moment...,general,1,webpage,403,,1f78e202eee9fa7236ae754c3bf736eb085cd0a796d782e4a1945a629cf80ca2,2026-09-17T09:31:34.368864+00:00
https://www.bracu.ac.bd/about/career-at-bracu,Just a moment...,general,1,webpage,403,,1f78e202eee9fa7236ae754c3bf736eb085cd0a796d782e4a1945a629cf80ca2,2026-09-17T09:31:37.049310+00:00
https://www.bracu.ac.bd/faculty-search-department-computer-science-and-engineering,Just a moment...,general,0,webpage,403,,,2026-09-17T09:31:39.711462+00:00
https://cse.bracu.ac.bd/faculty_list,BRACU CSE,programs,2,webpage,200,output/pages/cse_bracu_ac_bd__faculty_list.md,eb40e7cf1825b93e56fa4ba40ed6d3ecdc7ff3926f09bcc65477cd8f4b4ab84b,2026-09-17T09:57:00.000000+00:00
